,Arom_frac,Category,Cation_frac,Hydrophobicity,IDR_frac,LCR_frac,Sequence,Shannon_entropy,Uniprot_ID,prediction_phys_1
0,0.0967741935483871,ext_neg,0.1532258064516129,-81.89999999999998,0.0,0.0,QEGDPEAGAKAFNQCQTCHVIVDDSGTTIAGRNAKTGPNLYGVVGRTAGTQADFKGYGEGMKEAGAKGLAWDEEHFVQYVQDPTKFLKEYTGDAKAKGKMTFKLKKEADAHNIWAYLQQVAVRP,3.999906115122814,,0.0
1,0.11077844311377244,ext_neg,0.1497005988023952,-74.19999999999997,0.0,0.0,MKVRIATYASHSALQILKGAKDEGFETIAFGSSKVKPLYTKYFPVADYFIEEKYPEEELLNLNAVVVPTGSFVAHLGIELVENMKVPYFGNKRVLRWESDRNLERKWLKKAGIRVPEVYEDPDDIEKPVIVKPHGAKGGKGYFLAKDPEDFWRKAEKFLGIKRKEDLKNIQIQEYVLGVPVYPHYFYSKVREELELMSIDRRYESNVDAIGRIPAKDQLEFDMDITYTVIGNIPIVLRESLLMDVIEAGERVVKAAEELMGGLWGPFCLEGVFTPDLEFVVFEISARIVAGTNIFVNGSPYTWLRYDRPVSTGRRIAMEIREAIENDMLEKVLT,4.064308868263443,,0.01
2,0.06666666666666668,ext_neg,0.14666666666666667,4.0,0.0,0.0,MQYTPDTAWKITGFSREISPAYRQKLLSLGMLPGSSFNVVRVAPLGDPIHIETRRVSLVLRKKDLALLEVEAVSC,4.04206944632196,,0.0
3,0.024096385542168683,ext_neg,0.13855421686746988,-3.3000000000000043,0.0,0.0,MLLEEVCVGDRLSGAAARGDVQEVRRLLHRELVHPDALNRFGKTALQVMMFGSPAVALELLKQGASPNVQDASGTSPVHDAARTGFLDTLKVLVEHGADVNALDSTGSLPIHLAIREGHSSVVSFLAPESDLHHRDASGLTPLELARQRGAQNLMDILQGHMMIPM,3.908430907727555,,0.03
4,0.052459016393442616,ext_neg,0.16065573770491806,-33.69999999999999,0.0,0.03934426229508197,MLVTGLEILRKARAEGYGVGAFNTNNMEFTQAILEAAEEMKSPVILALSEGAMKYGGRALTRMVVALAQEARVPVAVHLDHGSSYESVLKALREGFTSVMIDKSHEDFETNVRETKRVVEAAHAVGVTVEAELGRLAGIEEHVAVDEKDALLTNPEEARIFMERTGADYLAVAIGTSHGAYKGKGRPFIDHPRLARIAKLVPAPLVLHGASAVPQELVERFRAAGGEIGEASGIHPEDIKKAISLGIAKINTDTDLRLAFTALVRETLGKNPKEFDPRKYLGPAREAVKEVVKSRMELFGSVGRA,3.916697888320855,,0.04
5,0.08149405772495756,ext_neg,0.14431239388794567,-70.30000000000003,0.0,0.02037351443123939,MPTVSVKRDLLFQALGRTYTDEEFDELCFEFGLELDEITSEKEIISKEQGNVKAAGASDVVLYKIDVPANRYDLLCLEGLVRGLQVFKERIKAPVYKRVMPDGKIQKLIITEETAKIRPFAVAAVLRNIKFTKDRYDSFIELQEKLHQNICRKRALVAIGTHDLDTLSGPFTYTAKRPSDIKFKPLNKTKEYTACELMNIYKTDNHLKHYLHIIENKPLYPVIYDSNGVVLSMPPIINGDHSRITVNTRNIFIECTGTDFTKAKIVLDIIVTMFSEYCENQFTVEAAEVVFPNGKSHTFPELAYRKEMVRADLINKKVGIRETPENLAKLLTRMYLKSEVIGDGNQIEIEIPPTRADIIHACDIVEDAAIAYGYNNIQMTLPKTYTIANQFPLNKLTELLRHDMAAAGFTEALTFALCSQEDIADKLGVDISATKAVHISNPKTAEFQVARTTLLPGLLKTIAANRKMPLPLKLFEISDIVIKDSNTDVGAKNYRHLCAVYYNKNPGFEIIHGLLDRIMQLLDVPPGEDKGGYVIKASEGPAFFPGRCAEIFARGQSVGKLGVLHPDVITKFELTMPCSSLEINVGPFL,4.109072888395042,,0.0
6,0.08029197080291971,ext_neg,0.11313868613138685,-32.300000000000004,0.0,0.04744525547445255,MQFSKMHGLGNDFVVVDGVTQNVFFTPETIRRLANRHCGIGFDQLLIVEAPYDPELDFHYRIFNADGSEVSQCGNGARCFARFVTLKGLTNKKDISVSTQKGNMVLTVKDDNQIRVNMGEPIWEPAKIPFTANKFEKNYILRTDIQTVLCGAVSMGNPHCVVQVDDIQTANVEQLGPLLESHERFPERVNAGFMQIINKEHIKLRVYERGAGETQACGSGACAAVAVGIMQGLLNNNVQVDLPGGSLMIEWNGVGHPLYMTGEATHIYDGFITL,4.170906933153637,,0.1
7,0.037037037037037035,ext_neg,0.12345679012345677,31.1,0.0,0.2962962962962963,MQPIQIAIVALVVAIIIAIVVWSIVIIEYRKILRQRKIDRLIDRLIERAEDSGNESEGEISALVEMGVEMGHHAPWDVDDL,3.7370936026522847,,0.07
8,0.028985507246376805,ext_neg,0.11594202898550725,-9.999999999999996,0.0,0.0,MEQKTLQVEGMSCQHCVKAVETSVGELDGVSAVHVNLEAGKVDVSFDADKVSVKDIADAIEDQGYDVAK,3.736571515868777,,0.05
9,0.05382436260623229,ext_neg,0.1189801699716714,57.60000000000001,0.0,0.08498583569405099,MSVIAGVFGALPPHRYSQSEITDSFVEFPGLKEHEEIIRRLHAAAKVNGRHLVLPLQQYPSLTDFGDANEIFIEKAVDLGVEALLGALDDANLRPSDIDMIATATVTGVAVPSLDARIAGRLGLRPDVRRMPLFGLGCVAGAAGVARLRDYLRGAPDDVAVLVSVELCSLTYPAVKPTVSSLVGTALFGDGAAAVVAVGDRRAEQVRAGGPDILDSRSSLYPDSLHIMGWDVGSHGLRLRLSPDLTNLIERYLANDVTTFLDAHRLTKDDIGAWVSHPGGPKVIDAVATSLALPPEALELTWRSLGEIGNLSSASILHILRDTIEKRPPSGSAGLMLAMGPGFCTELVLLRWR,3.949189038720122,,0.04
10,0.09404388714733544,ext_neg,0.13479623824451412,-74.20000000000003,0.0,0.0,MSEECIENPERIKIGTDLINIRNKMNLKELIHPNEDENSTLLILNQKIDIPRPLFYKIWKLHDLKVCADGAANRLYDYLDDDETLRIKYLPNYIIGDLDSLSEKVYKYYRKNKVTIIKQTTQYSTDFTKCVNLISLHFNSPEFRSLISNKDNLQSNHGIELEKGIHTLYNTMTESLVFSKVTPISLLALGGIGGRFDQTVHSITQLYTLSENASYFKLCYMTPTDLIFLIKKNGTLIEYDPQFRNTCIGNCGLLPIGEATLVKETRGLKWDVKNWPTSVVTGRVSSSNRFVGDNCCFIDTKDDIILNVEIFVDKLIDFL,4.074007437713105,,0.0
11,0.09821428571428573,ext_neg,0.10714285714285714,-30.300000000000008,0.0,0.16964285714285715,MSNIYDSANELSRGLRGLPEYKAVKAAKDAIAADAEASKIFTDYLAFQEEIQKLAQTGQMPDASFQAKMEGFGKQIQGNSLLSEFFTKQQQLAIYLSDIEKIVFEPVSELLK,3.8788785243139183,,0.04
12,0.07098765432098765,ext_neg,0.09876543209876544,46.80000000000002,0.0,0.05246913580246913,MTIAVTGSIATDHLMRFPGRFSEQLLPEHLHKVSLSFLVDDLVMHRGGVAGNMAFAIGVLGGEVALVGAAGADFADYRDWLKARGVNCDHVLISETAHTARFTCTTDVDMAQIASFYPGAMSEARNIKLADVVSAIGKPELVIIGANDPEAMFLHTEECRKLGLAFAADPSQQLARLSGEEIRRLVNGAAYLFTNDYEWDLLLSKTGWSEADVMAQIDLRVTTLGPKGVDLVEPDGTTIHVGVVPETSQTDPTGVGDAFRAGFLTGRSAGLGLERSAQLGSLVAVLVLESTGTQEWQWDYEAAASRLAGAYGEHAAAEIVAVLA,4.010963453345328,,0.09
13,0.096,ext_neg,0.10400000000000001,27.29999999999999,0.0,0.0,MTIKNVICDIDGVLMHDNVAVPGAAEFLHGIMDKGLPLVLLTNYPSQTGQDLANRFATAGVDVPDSVFYTSAMATADFLRRQEGKKAYVVGEGALIHELYKAGFTITDVNPDFVIVGETRSYNWDMMHKAAYFVANGARFIATNPDTHGRGFYPACGALCAGIEKISGRKPFYVGKPSPWIIRAALNKMQAHSEETVIVGDNLRTDILAGFQAGLETILVLSGVSSLDDIDSMPFRPSWIYPSVAEIDVI,4.133963853269732,,0.04
14,0.08092485549132948,ext_neg,0.07514450867052024,-54.29999999999998,0.0,0.0,MANITVFYNEDFQGKQVDLPPGNYTRAQLAALGIENNTISSVKVPPGVKAILYQNDGFAGDQIEVVANAEELGPLNNNVSSIRVISVPVQPRARFFYKEQFDGKEVDLPPGQYTQAELERYGIDNNTISSVKPQGLAVVLFKNDNFSGDTLPVNSDAPTLGAMNNNTSSIRIS,3.9778571183743723,,0.02
15,0.06896551724137931,ext_neg,0.05172413793103448,30.200000000000006,0.0,0.0,MGLPLTFDDNNQCLLLLDSDIFTSIEAKDDIWLLNGMIIPLSPVCGDSIWRQIMVINGELAANNEGTLAYIDAAETLLLIHAITDLTNTYHIISQLESFVNQQEALKNILQEYAKV,3.9816345220549434,,0.03
16,0.04838709677419355,ext_neg,0.09907834101382487,-5.499999999999994,0.0,0.0,MSFNTIIDWNSCTAEQQRQLLMRPAISASESITRTVNDILDNVKARGDEALREYSAKFDKTTVTALKVSAEEIAAASERLSDELKQAMAVAVKNIETFHTAQKLPPVDVETQPGVRCQQVTRPVASVGLYIPGGSAPLFSTVLMLATPASIAGCKKVVLCSPPPIADEILYAAQLCGVQDVFNVGGAQAIAALAFGTESVPKVDKIFGPGNAFVTEAKRQVSQRLDGAAIDMPAGPSEVLVIADSGATPDFVASDLLSQAEHGPDSQVILLTPAADMARRVAEAVERQLAELPRAETARQALNASRLIVTKDLAQCVEISNQYGPEHLIIQTRNARELVDSITSAGSVFLGDWSPESAGDYASGTNHVLPTYGYTATCSSLGLADFQKRMTVQELSKEGFSALASTIETLAAAERLTAHKNAVTLRVNALKEQA,4.020948881626851,,0.02
17,0.098159509202454,ext_neg,0.10429447852760736,-1.2000000000000028,0.0,0.0,MVTFLGNPVSFTGKQLQVGDKALDFSLTTTDLSKKSLADFDGKKKVLSVVPSIDTGICSTQTRRFNEELAGLDNTVVLTVSMDLPFAQKRWCGAEGLDNAIMLSDYFDHSFGRDYALLINEWHLLARAVFVLDTDNTIRYVEYVDNINSEPNFEAAIAAAKAL,4.063628508977734,,0.05
18,0.09411764705882353,ext_neg,0.14705882352941174,-62.2,0.0,0.0,MAQIRIHEVNTRIENEVKVSKFLQEEGVLYEKWNISKLPPHLNENYSLTDENKAEILAVFSKEIADVSARRGYKAHDVISLSNSTPNLDELLINFQKEHHHTDDEVRFIVSGHGIFAIEGKDGTFFDVELEPGDLISVPENARHYFTLQDDRQVVAIRIFVTTEGWVPIY,4.07303549540269,,0.04
19,0.0625,ext_neg,0.15178571428571427,7.499999999999992,0.0,0.0,MKLVTVIIKPFKLEDVREALSSIGIQGLTVTEVKGFGRQKGHAELYRGAEYSVNFLPKVKIDVAIADDQLDEVIDIVSKAAYTGKIGDGKIFVAELQRVIRIRTGEADEAAL,3.865708826281228,,0.01
20,0.08312342569269521,ext_neg,0.1385390428211587,-43.60000000000001,0.0,0.0906801007556675,MKPLSWSEAFGKGAGRIQASTIRELLKLTQRPGILSFAGGLPAPELFPKEEAAEAAARILREKGEVALQYSPTEGYAPLRAFVAEWIGVRPEEVLITTGSQQALDLVGKVFLDEGSPVLLEAPSYMGAIQAFRLQGPRFLTVPAGEEGPDLDALEEVLKRERPRFLYLIPSFQNPTGGLTPLPARKRLLQMVMERGLVVVEDDAYRELYFGEARLPSLFELAREAGYPGVIYLGSFSKVLSPGLRVAFAVAHPEALQKLVQAKQGADLHTPMLNQMLVHELLKEGFSERLERVRRVYREKAQAMLHALDREVPKEVRYTRPKGGMFVWMELPKGLSAEGLFRRALEENVAFVPGGPFFANGGGENTLRLSYATLDREGIAEGVRRLGRALKGLLALV,3.889011061466515,,0.01
21,0.092,ext_neg,0.196,-98.9,0.0,0.0,MKYNNHDKIRDFIIIEAYMFRFKKKVKPEVDMTIKEFILLTYLFHQQENTLPFKKIVSDLCYKQSDLVQHIKVLVKHSYISKVRSKIDERNTYISISEEQREKIAERVTLFDQIIKQFNLADQSESQMIPKDSKEFLNLMMYTMYFKNIIKKHLTLSFVEFTILAIITSQNKNIVLLKDLIETIHHKYPQTVRALNNLKKQGYLIKERSTEDERKILIHMDDAQQDHAEQLLAQVNQLLADKDHLHLVFE,3.9782690042324864,,0.02
22,0.1045751633986928,ext_neg,0.09803921568627452,-113.5,0.0,0.0,MMNNKVSFTNSNNPTISLSAVIYFPPKFDETRQYQAIVLSHPGGGVKEQTAGTYAKKLAEKGFVTIAYDASYQGESGGEPRQLENPYIRTEDISAVIDYLTTLSYVDNTRIGAMGICAGAGYTANAAIQDRRIKAIGTVSAVNIGSIFRNGWENNVKSIDALPYVEAGSNARTSDISSGEYAIMPLAPMKESDAPNEELRQAWEYYHTPRAQYPTAPGYATLRSLNQIITYDAYHMAEVYLTQPTQIVAGSQAGSKWMSDDLYDRASSQDKRYHIVEGANHMDLYDGKAYVAEAISVLAPFFEETL,4.102229589104673,,0.02
23,0.07246376811594203,ext_neg,0.10869565217391304,14.1,0.0,0.0,MRYPVTLTPAPEGGYMVSFVDIPEALTQGETVAEAMEAAKDALLTAFDFYFEDNELIPLPSPLNSHDHFIEVPLSVASKVLLLNAFLQSEITQQELARRIGKPKQEITRLFNLHHATKIDAVQLAAKALGKELSLVMV,3.981938989178144,,0.01
24,0.06666666666666668,ext_neg,0.06666666666666668,-16.299999999999994,0.0,0.25,MGKATYTVTVTNNSNGVSVDYETETPMTLLVPEVAAEVIKDLVNTVRSYDTENEHDVCGW,3.796182946417927,,0.12
25,0.09836065573770493,ext_neg,0.19672131147540986,-60.40000000000003,0.0,0.0,MIEITLKKPEDFLKVKETLTRMGIANNKDKVLYQSCHILQKKGLYYIVHFKEMLRMDGRQVEMTEEDEVRRDSIAWLLEDWGLIEIVPGQRTFMKDLTNNFRVISFKQKHEWKLVPKYTIGN,4.099442071372951,,0.06
26,0.10160427807486633,ext_neg,0.12834224598930485,-52.40000000000001,0.0,0.0,MERCGWVSQDPLYIAYHDNEWGVPETDSKKLFEMICLEGQQAGLSWITVLKKRENYRACFHQFDPVKVAAMQEEDVERLVQDAGIIRHRGKIQAIIGNARAYLQMEQNGEPFVDFVWSFVNHQPQVTQATTLSEIPTSTSASDALSKALKKRGFKFVGTTICYSFMQACGLVNDHVVGCCCYPGNKP,4.24394321134448,,0.13
27,0.11009174311926606,ext_neg,0.14067278287461776,-112.10000000000002,0.0,0.03669724770642202,MIEIKDKQLTGLRFIDLFAGLGGFRLALESCGAECVYSNEWDKYAQEVYEMNFGEKPEGDITQVNEKTIPDHDILCAGFPCQAFSISGKQKGFEDSRGTLFFDIARIVREKKPKVVFMENVKNFASHDNGNTLEVVKNTMNELDYSFHAKVLNALDYGIPQKRERIYMICFRNDLNIQNFQFPKPFELNTFVKDLLLPDSEVEHLVIDRKDLVMTNQEIEQTTPKTVRLGIVGKGGQGERIYSTRGIAITLSAYGGGIFAKTGGYLVNGKTRKLHPRECARVMGYPDSYKVHPSTSQAYKQFGNSVVINVLQYIAYNIGSSLNFKPY,4.1613850726283435,,0.04
28,0.0911062906724512,ext_neg,0.14967462039045554,-191.30000000000007,0.0,0.06724511930585682,MLKIFNTLTRQKEEFKPIHAGEVGMYVCGITVYDLCHIGHGRTFVAFDVVARYLRFLGYKLKYVRNITDIDDKIIKRANENGESFVAMVDRMIAEMHKDFDALNILRPDMEPRATHHIAEIIELTEQLIAKGHAYVADNGDVMFDVPTDPTYGVLSRQDLDQLQAGARVDVVDDKRNPMDFVLWKMSKEGEPSWPSPWGAGRPGWHIECSAMNCKQLGNHFDIHGGGSDLMFPHHENEIAQSTCAHDGQYVNYWMHSGMVMVDREKMSKSLGNFFTVRDVLKYYDAETVRYFLMSGHYRSQLNYSEENLKQARAALERLYTALRGTDKTVAPAGGEAFEARFIEAMDDDFNTPEAYSVLFDMAREVNRLKAEDMAAANAMASHLRKLSAVLGLLEQEPEAFLQSGAQADDSEVAEIEALIQQRLDARKAKDWAAADAARDRLNEMGIVLEDGPQGTTWRRK,4.1691791160309615,,0.25
29,0.08571428571428573,ext_neg,0.1306122448979592,-127.2,0.0,0.030612244897959183,MLMTAEQYIESLRKLNTRVYMFGEKIENWVDHPMIRPSINCVAMTYELAQDPQYADLMTTKSNLIGKTINRFANLHQSTDDLRKKVKMQRLLGQKTASCFQRCVGMDAFNAVFSTTYEIDQKYGTNYHKNFTEYLKYIQENDLIVDGAMTDPKGDRGLAPSAQKDPDLFLRIVEKREDGIVVRGAKAHQTGSINSHEHIIMPTIAMTEADKDYAVSFACPSDADGLFMIYGRQSCDTRKMEEGADIDLGNKQFGGQEALVVFDNVFIPNDRIFLCQEYDFAGMMVERFAGYHRQSYGGCKVGVGDVVIGAAALAADYNGAQKASHVKDKLIEMTHLNETLYCCGIACSAEGYPTAAGNYQIDLLLANVCKQNITRFPYEIVRLAEDIAGGLMVTMPSEADFKSETVVGRDGETIGDFCNKFFAAAPTCTTEERMRVLRFLENICLGASAVGYRTESMHGAGSPQAQRIMIARQGNINAKKELAKAIAGIK,4.1729276500199735,,0.17
30,0.017391304347826087,ext_neg,0.1826086956521739,1.5999999999999899,0.0,0.1217391304347826,MTLKQVIVVRDDLKLSRGKLAVQVAHAAIIGYLKSDSSLRRKWLDEGQKKVVLKVKSLEELLGIKHKAESLGLVTGLVQDAGLTEVPPGTITAVVIGPDEERKIDKVTGNLPLLK,3.766194424047404,,0.1
31,0.06578947368421052,ext_neg,0.125,5.799999999999986,0.0,0.0,MELTTRTLPARKHIALVAHDHCKQMLMSWVERHQPLLEQHVLYATGTTGNLISRATGMNVNAMLSGPMGGDQQVGALISEGKIDVLIFFWDPLNAVPHDPDVKALLRLATVWNIPVATNVATADFIIQSPHFNDAVDILIPDYQRYLADRLK,4.11274354989344,,0.01
32,0.055776892430278883,ext_neg,0.11553784860557767,51.699999999999974,0.0,0.07569721115537849,MTRLLVLGGTTEASRLAKTLADQGFEAVFSYAGRTGAPVAQPLPTRIGGFGGVAGLVDYLTREGVSHVIDATHPFAAQMSANAVAACAQTGVALCAFERAPWTAQAGDRWTHVPDLAAAVAALPQAPARVFLAIGKQHLRDFSAAPQHHYLLRLVDPPEGPLPLPDARAVIARGPFTVQGDTELLRSETITHVVAKNAGGAGAEAKLIAARSLGLPVILIDRPAVPARDICATLEGVMGWLADHGATPRGV,3.8695783262949712,,0.01
33,0.09057971014492754,ext_neg,0.12318840579710146,-61.8,0.0,0.0,MGNKLFVLDLGEIRVDENFIIANSTFVTPQKPTVSSRLIDIPVSAYLIQCTDATVLYDTGCHPECMGTNGRWPAQSQLNAPYIGASECNLPERLRQLGLSPDDISTVVLSHLHNDHAGCVEYFGKSRLIAHEDEFATAVRYFATGDHSSPYIVKDIEAWLATPRNWDLVGRDERERELAPGVNLLNFGTGHASGMLGLAVRLEKQPGFLLVSDACYTATNYGPPARRAGVLHDTIGYDRTVSHIRQYAESRSLTVLFGHDREQFASLIKSTDGFYE,4.143734822388942,,0.1
34,0.06707317073170732,ext_neg,0.11585365853658534,-5.900000000000013,0.0,0.0,MLTYQVKQGDTLNSIAADFRISTAALLQANPSLQAGLTAGQSIVIPGLPDPYTIPYHIAVSIGAKTLTLSLNNRVMKTYPIAVGKILTQTPTGEFYIINRQRNPGGPFGAYWLSLSKQHYGIHGTNNPASIGKAVSKGCIRMHNKDVIELASIVPNGTRVTINR,4.031317575941571,,0.01
35,0.1,ext_neg,0.15555555555555556,-42.40000000000001,0.0,0.0,MNKNIDTVREIITVASILIKFSREDIVENRANFIAFLNEIGVTHEGRKLNQNSFRKIVSELTQEDKKTLIDEFNEGFEGVYRYLEMYTNK,3.8861587824715684,,0.0
36,0.07912087912087913,ext_neg,0.14065934065934066,-52.49999999999999,0.0,0.08351648351648351,MGKLFGTDGVRGIVNKELTPELVLKLSKAIGTFFGKNSKILVGRDVRAGGDMLVKIVEGGLLSVGVEVYDGGMAPTPALQYAVKTLGYDGGVVITASHNPAPYNGIKVVDKDGIEIRREKENEIEDLFFTERFNTIEWSSLTTEVKREDRVISTYVNGILSHVDIEKIKKKNYKVLIDPANSVGALSTPLVARALGCKIYTINGNLDPLFSARQPEPTFDSLKETAEVVKTLKVDLGVAHDGDADRAIFIDSEGRVQWGDRSGTLLSYWASVKNPKAIKKIVTAVSSSSLVEEYLSKYNIQVDWTKVGSVDIAHKVADENALAGFEENGGFMYPPHQYVRDGAMSFALMLELLANENVSSAELFDRLPKYYLVKTKVDLKPGLMVEEIYKKILEVYSTSSVKAITIDGVKIIGKDFWFLVRKSGTEPIIRIMAEAKDENVANNLVNELKKIVEGK,4.024602207939333,,0.02
37,0.08053691275167785,ext_neg,0.1342281879194631,-35.90000000000001,0.0,0.050335570469798654,MVQRITIAPQGPEFSRFVMGYWRLMDWNMSARQLVSFIEEHLDLGVTTVDHADIYGGYQCEAAFGEALKLAPHLRERMEIVSKCGIATTAREENVIGHYITDRDHIIKSAEQSLINLATDHLDLLLIHRPDPLMDADEVADAFKHLHQSGKVRHFGVSNFTPAQFALLQSRLPFTLATNQVEISPVHQPLLLDGTLDQLQQLRVRPMAWSCLGGGRLFNDDYFQPLRDELAVVAEELNAGSIEQVVYAWVLRLPSQPLPIIGSGKIERVRAAVEAETLKMTRQQWFRIRKAALGYDVP,4.131644152524882,,0.11
38,0.09941520467836257,ext_neg,0.12280701754385966,-4.000000000000009,0.0,0.0,MTKQHAFTREDLLRCSRGELFGPGNAQLPAPNMLMIDRIVHISDVGGKYGKGELVAELDINPDLWFFACHFEGDPVMPGCLGLDAMWQLVGFYLGWQGNPGRGRALGSGEVKFFGQVLPTAKKVTYNIHIKRTINRSLVLAIADGTVSVDGREIYSAEGLRVGLFTSTDSF,4.129449434645087,,0.06
39,0.05504587155963303,ext_neg,0.1834862385321101,-131.79999999999998,0.8165137614678899,0.0,MSDAGRKGFGEKASEALKPDSQKSYAEQGKEYITDKADKVAGKVQPEDNKGVFQGVHDSAEKGKDNAEGQGESLADQARDYMGAAKSKLNDAVEYVSGRVHGEEDPTKK,3.785587107499856,,0.75
40,0.10185185185185183,ext_neg,0.1851851851851852,-137.09999999999997,0.0,0.07407407407407407,MINMTRKLYYEDAYLKEAKGRVLEIRDNAILLDQTIFYPTGGGQPHDRGTINGVEVLDVYKDEEGNVWHVVKEPEKFKVGDEVELKIDWDYRYKLMRIHTGLHLLEHVLNEVLGEGNWQLVGSGMSVEKGRYDIAYPENLNKYKEQIISLFNKYVDEGGEVKIWWEGDRRYTQIRDFEVIPCGGTHVKDIKEIGHIKKLKRSSIGRGKQRLEMWLE,4.040159064839093,,0.12
41,0.06963788300835655,ext_neg,0.11420612813370473,-1.299999999999983,0.0,0.0,MIEFIDLKNQQARIKDKIDAGIQRVLRHGQYILGPEVTELEDRLADFVGAKYCISCANGTDALQIVQMALGVGPGDEVITPGFTYVATAETVALLGAKPVYVDIDPRTYNLDPQLLEAAITPRTKAIIPVSLYGQCADFDAINAIASKYGIPVIEDAAQSFGASYKGKRSCNLSTVACTSFFPSKPLGCYGDGGAIFTNDDELATAIRQIARHGQDRRYHHIRVGVNSRLDTLQAAILLPKLEIFEEEIALRQKVAAEYDLSLKQVGIGTPFIEVNNISVYAQYTVRMDNRESVQASLKAAGVPTAVHYPIPLNKQPAVADEKAKLPVGDKAATQVMSLPMHPYLDTASIKIICAALTN,4.072685139417649,,0.01
42,0.10126582278481013,ext_neg,0.1518987341772152,-84.19999999999997,0.0,0.0,MSGIALSRLAQERKAWRKDHPFGFVAVPTKNPDGTMNLMNWECAIPGKKGTPWEGGLFKLRMLFKDDYPSSPPKCKFEPPLFHPNVYPSGTVCLSILEEDKDWRPAITIKQILLGIQELLNEPNIQDPAQAEAYTIYCQNRVEYEKRVRAQAKKFAPS,4.17449438210512,,0.18
43,0.1168091168091168,ext_neg,0.15384615384615385,-107.7,0.0,0.0,MKIAIINMGNNVINFKTVPSSETIYLFKVISEMGLNVDIISLKNGVYTKSFDEVDVNDYDRLIVVNSSINFFGGKPNLAILSAQKFMAKYKSKIYYLFTDIRLPFSQSWPNVKNRPWAYLYTEEELLIKSPIKVISQGINLDIAKAAHKKVDNVIEFEYFPIEQYKIHMNDFQLSKPTKKTLDVIYGGSFRSGQRESKMVEFLFDTGLNIEFFGNAREKQFKNPKYPWTKAPVFTGKIPMNMVSEKNSQAIAALIIGDKNYNDNFITLRVWETMASDAVMLIDEEFDTKHRIINDARFYVNNRAELIDRVNELKHSDVLRKEMLSIQHDILNKTRAKKAEWQDAFKKAIDL,4.08615031829755,,0.01
44,0.07476635514018691,ext_neg,0.11838006230529595,-15.399999999999995,0.0,0.0,MTLSLANYLAADSAAEALRRDVRAGLTAAPKSLPPKWFYDAVGSDLFDQITRLPEYYPTRTEAQILRTRSAEIIAAAGADTLVELGSGTSEKTRMLLDAMRDAELLRRFIPFDVDAGVLRSAGAAIGAEYPGIEIDAVCGDFEEHLGKIPHVGRRLVVFLGSTIGNLTPAPRAEFLSTLADTLQPGDSLLLGTDLVKDTGRLVRAYDDAAGVTAAFNRNVLAVVNRELSADFDLDAFEHVAKWNSDEERIEMWLRARTAQHVRVAALDLEVDFAAGEEMLTEVSCKFRPENVVAELAEAGLRQTHWWTDPAGDFGLSLAVR,3.9452265100385415,,0.04
45,0.05681818181818181,ext_neg,0.17045454545454544,-23.20000000000001,0.0,0.0,MEWLVKKSCCNKQDNRHVLMLCDAGGAIKMIAEVKSDFAVKVGDLLSPLQNALYCINREKLHTVKVLSASSYSPDEWERQCKVAGKTQ,4.0941457231775065,,0.02
46,0.08181818181818183,ext_neg,0.12727272727272726,-61.7,0.0,0.0,MSGWYELSKSSNDQFKFVLKAGNGEVILTSELYTGKSGAMNGIESVQTNSPIEARYAKEVAKNDKPYFNLKAANHQIIGTSQMYSSTAARDNGIKSVMENGKTTTIKDLT,3.999745984163224,,0.07
47,0.1297709923664122,ext_neg,0.13231552162849872,-219.99999999999991,0.0,0.017811704834605598,MGKVEFSGKRYVIDGEPVTIAGGTLQFFRVPADAWKDRLLKMREAGLNTVDTYVAWNWHEPEKGSFDFKGETHPQRNLVGFLELADELGFYVIIRPGPYICGEWRNGGIPDWLIDEHPEILAKGPNGPLPRDIYYPPITYLHPTYLEAVGEWYNAVFPVIRKYLYTNGGPIISVSIDDEPSYWETIFQPFLTDYNEIITKPGGLWEKWLEQNYTLEDLRRRYKGDFKDYSEIKVPTSFSEPLPKLIDWHHFKLWMINEYVRWIYERMAREFDVPISILDPYLLQVAWRHFFTYMREHNLKIHVWTEFWYSFYRSSDFKEDKLGHIYYKTGIYRYHVRKAGTPPLSIETQSSLAHTIDPTEAELLYSILPPLGIPNINYYLFVGGENPEGYESHNGITWDVYSPVGLDGSERPHFGVIKALSETMTSAEGLADAELRPKVAVGLYEPYEALNLWGYEGLEESTDLNEYLLGERGLFTLLAMSNTPFDAVDLEDVTLDELLSYDQLWVYSLDFMSREVQDKLVEFVARGGNLVILPMLPRYDENLEPYSSLKDFLGVEVEREKARRNPRLIQFLSVSAEGIDRMLVRNTVRGVRGGEPIAFLGEKPVGAFVRKGGGSAVVLGFRLQYYTSHHDLHRKFVWKLKELQGVREDFEVTNPDMIVLPMEGKGYAYLAVTNPRGHPIKGRISYRGLEVPVLLDGIELKRRGTLYLPFGVRKGDVEVAYATATLVMWEGDVLTFRNHLSGHSEIALKGVESVKVSGGKIVDGSDGEVLRIVIEHPGEYFEVELL,4.0957973742376925,,0.06
48,0.10324483775811208,ext_neg,0.13864306784660768,-119.60000000000002,0.0,0.0,MSTNKITFLLNWEAAPYHIPVYLANIKGYFKDENLDIAILEPSNPSDVTELVGSGKVDMGLKAMVHTLAAKARGFPVTSIGSLLDEPFTGICYLEGSGITSDFQSLKGKRIGYVGEFGKIQVDELTKHYGMTPDDYVAVRCGMNVAKYILEGTIDCGIGIECIQQVELEEALKEQGKDSNDAKMLRIDKLAELGCCCFCTILYIANDKFIAENPQAVKKFLKAIKRATDYMLAHPREAWAEYGNFKPTMQTDLNTKKFQRCYAYFSESLYNVHRDWRKVNNYGKRLDILPENYVPNYTNEYLSWPEPKEVDDPEKAQDLMLKHQEECKTCGGYKRLVLA,4.176848604163012,,0.18
49,0.06233062330623306,ext_neg,0.13550135501355012,-44.30000000000001,0.0,0.0,MKITAIHLYAIRLPLRNPFVISYGSYSDMPSIIVKMETDEGIIGYGEGVADDHVTGESWESTFHTLKHTLTPALIGQNPMNIEKIHDMMDNTIYGVPTAKAAIDIACFDIMGKKLNQPVYQLIGGRYHEEFPVTHVLSIADPENMAEEAASMIQKGYQSFKMKVGTNVKEDVKRIEAVRERVGNDIAIRVDVNQGWKNSANTLTALRSLGHLNIDWIEQPVIADDIDAMAHIRSKTDLPLMIDEGLKSSREMRQIIKLEAADKVNIKLMKCGGIYPAVKLAHQAEMAGIECQVGSMVESSVASSAGFHVAFSKKIITSVELTGPLKFTKDIGNLHYDVPFIRLNEKPGLGIEINEDTLQELTVFQDIVR,4.138949944822674,,0.0
50,0.06106870229007633,ext_neg,0.1297709923664122,15.69999999999999,0.0,0.0,MKKHGILNSHLAKILADLGHTDKIVIADAGLPVPDGVLKIDLSLKPGLPAFQDTAAVLAEEMAVEKVIAAAEIKASNQENAKFLENLFSEQEIEYLSHEEFKLLTKDAKAVIRTGEFTPYANCILQAGVLF,3.910864183947532,,0.04
51,0.0896551724137931,ext_neg,0.12758620689655173,-43.600000000000016,0.0,0.0,MLYVYMDGEFVPENEAKVSIFDHGFLYGDGVFEGIRAYNGRVFRLKEHIDRLYDSAKAIDLEIPITKEEFMEIILETLRKNNLRDAYIRPIVTRGIGDLGLDPRKCQNPSIIVITKPWGKLYGDLYEKGLTAITVAVRRNSFDALPPNIKSLNYLNNILAKIEANAKGGDEAIFLDRNGYVSEGSGDNIFVVKNGAITTPPTINNLRGITREAVIEIINRLGIPFKETNIGLYDLYTADEVFVTGTAAEIAPIVVIDGRKIGDGKPGEITRKLMEEFSKLTESEGVPIYE,3.975671563739279,,0.11
52,0.10546875,ext_neg,0.1171875,-442.8000000000001,0.0,0.01171875,MTMITDSLAVVLQRRDWENPGVTQLNRLAAHPPFASWRNSEEARTDRPSQQLRSLNGEWRFAWFPAPEAVPESWLECDLPEADTVVVPSNWQMHGYDAPIYTNVTYPITVNPPFVPTENPTGCYSLTFNVDESWLQEGQTRIIFDGVNSAFHLWCNGRWVGYGQDSRLPSEFDLSAFLRAGENRLAVMVLRWSDGSYLEDQDMWRMSGIFRDVSLLHKPTTQISDFHVATRFNDDFSRAVLEAEVQMCGELRDYLRVTVSLWQGETQVASGTAPFGGEIIDERGGYADRVTLRLNVENPKLWSAEIPNLYRAVVELHTADGTLIEAEACDVGFREVRIENGLLLLNGKPLLIRGVNRHEHHPLHGQVMDEQTMVQDILLMKQNNFNAVRCSHYPNHPLWYTLCDRYGLYVVDEANIETHGMVPMNRLTDDPRWLPAMSERVTRMVQRDRNHPSVIIWSLGNESGHGANHDALYRWIKSVDPSRPVQYEGGGADTTATDIICPMYARVDEDQPFPAVPKWSIKKWLSLPGETRPLILCEYAHAMGNSLGGFAKYWQAFRQYPRLQGGFVWDWVDQSLIKYDENGNPWSAYGGDFGDTPNDRQFCMNGLVFADRTPHPALTEAKHQQQFFQFRLSGQTIEVTSEYLFRHSDNELLHWMVALDGKPLASGEVPLDVAPQGKQLIELPELPQPESAGQLWLTVRVVQPNATAWSEAGHISAWQQWRLAENLSVTLPAASHAIPHLTTSEMDFCIELGNKRWQFNRQSGFLSQMWIGDKKQLLTPLRDQFTRAPLDNDIGVSEATRIDPNAWVERWKAAGHYQAEAALLQCTADTLADAVLITTAHAWQHQGKTLFISRKTYRIDGSGQMAITVDVEVASDTPHPARIGLNCQLAQVAERVNWLGLGPQENYPDRLTAACFDRWDLPLSDMYTPYVFPSENGLRCGTRELNYGPHQWRGDFQFNISRYSQQQLMETSHRHLLHAEEGTWLNIDGFHMGIGGDDSWSPSVSAEFQLSAGRYHYQLVWCQK,4.2033697740304135,,0.13
53,0.061349693251533735,ext_neg,0.1656441717791411,-53.80000000000001,0.0,0.0,MSDPLHVTFVCTGNICRSPMAEKMFAQQLRHRGLGDAVRVTSAGTGNWHVGSCADERAAGVLRAHGYPTDHRAAQVGTEHLAADLLVALDRNHARLLRQLGVEAARVRMLRSFDPRSGTHALDVEDPYYGDHSDFEEVFAVIESALPGLHDWVDERLARNGPS,3.987681949239668,,0.0
54,0.08205128205128205,ext_neg,0.17435897435897435,-83.40000000000002,0.0,0.0,MKVTKSEIVISAVKPEQYPEGGLPEIALAGRSNVGKSSFINSLINRKNLARTSSKPGKTQTLNFYIINDELHFVDVPGYGFAKVSKSEREAWGRMIETYITTREELKAVVQIVDLRHAPSNDDVQMYEFLKYYGIPVIVIATKADKIPKGKWDKHAKVVRQTLNIDPEDELILFSSETKKGKDEAWGAIKKMINR,4.074352836480906,,0.01
55,0.030769230769230767,ext_neg,0.13076923076923078,-11.899999999999995,0.0,0.0,MLGGSSDAGLATAAARGQVETVRQLLEAGADPNALNRFGRRPIQVMMMGSAQVAELLLLHGAEPNCADPATLTRPVHDAAREGFLDTLVVLHRAGARLDVCDAWGRLPVDLAEEQGHRDIARYLHAATGD,3.807996069690944,,0.04
56,0.08196721311475409,ext_neg,0.12295081967213115,-41.1,0.0,0.0,MKVVYDDVRVLKDIIQALARLVDEAVLKFKQDSVELVALDRAHISLISVNLPREMFKEYDVNDEFKFGFNTQYLMKILKVAKRKEAIEIASESPDSVIINIIGSTNREFNVRNLEVSEQEIPEINLQFDISATISSDGFKSAISEVSTVTDNVVVEGHEDRILIKAEGESEVEVEFSKDTGGLQDLEFSKESKNSYSAEYLDDVLSLTKLSDYVKISFGNQKPLQLFFNMEGGGKVTYLLAPKV,3.9429080360847366,,0.02
57,0.07627118644067797,ext_neg,0.15466101694915255,-138.1,0.0,0.03389830508474576,MPKTDRVIEEITDYVLEKEITSAEAYTTAGHVLLDTLGCGILALRYPECTKLLGPIVPGTTVPNGSKVPGTSYVLDPVRAAFNIGCMIRWLDYNDTWLAAEWGHPSDNLGGILAAADYVSRVRLSEGKEPLTVRDVLEMMIKAHEIQGVLALENSLNRVGLDHVLFVKVATTAVAAKLLGGGREEIKNALSNAWIDNAALRTYRHSPNTGSRKSWAAGDATSRGVHLALMSLKGEMGYPTALSAPGWGFQDVLFNKKEIKLARPLDAYVMENVLFKVSYPAEFHAQTAAESAVILHPQVKNRIDEIDRVVIRTHESAIRIIDKKGPLHNPADRDHCLQYITAIGLLFGDITAQHYEAETANDPRIDKLRDKMEVTENKTYTEDYLKPDKRSISNAVQVHFKDGTSTEMVECEFPLGHRFRREEAVPKLLEKFSDNLKTHFPDKQHKHIYERCTSYETLQTMRVNEFVDMFCM,4.158548365549963,,0.16
58,0.08951048951048951,ext_neg,0.12867132867132866,-233.20000000000005,0.0,0.0,MKKVVTVCPYCASGCKINLVVDNGKIVRAEAAQGKTNQGTLCLKGYYGWDFINDTQILTPRLKTPMIRRQRGGKLEPVSWDEALNYVAERLSAIKEKYGPDAIQTTGSSRGTGNETNYVMQKFARAVIGTNNVDCCARVUHGPSVAGLHQSVGNGAMSNAINEIDNTDLVFVFGYNPADSHPIVANHVINAKRNGAKIIVCDPRKIETARIADMHIALKNGSNIALLNAMGHVIIEENLYDKAFVASRTEGFEEYRKIVEGYTPESVEDITGVSASEIRQAARMYAQAKSAAILWGMGVTQFYQGVETVRSLTSLAMLTGNLGKPHAGVNPVRGQNNVQGACDMGALPDTYPGYQYVKDPANREKFAKAWGVESLPAHTGYRISELPHRAAHGEVRAAYIMGEDPLQTDAELSAVRKAFEDLELVIVQDIFMTKTASAADVILPSTSWGEHEGVFTAADRGFQRFFKAVEPKWDLKTDWQIISEIATRMGYPMHYNNTQEIWDELRHLCPDFYGATYEKMGELGFIQWPCRDTSDADQGTSYLFKEKFDTPNGLAQFFTCDWVAPIDKLTDEYPMVLSTVREVGHYSCRSMTGNCAALAALADEPGYAQINTEDAKRLGIEDEALVWVHSRKGKIITRAQVSDRPNKGAIYMTYQWWIGACNELVTENLSPITKTPEYKYCAVRVEPIADQRAAEQYVIDEYNKLKTRLREAALA,4.186020549184828,,0.26
59,0.10948905109489053,ext_neg,0.1021897810218978,-36.2,0.0,0.0,MEQNNIKEQLISFFNQACSTHQERLDFICSTRESDTFSSVDVPLEPIKNIIEITKDENQQIEITKIAVNNIKTLSSVGATGQYMASFFSTNSEPAIIFCVIYFLYHFGFLKDNNKKQIIKKAYETIADNIADYLNEN,3.995647694298373,,0.0
60,0.07058823529411765,ext_neg,0.12941176470588234,7.599999999999995,0.0,0.0,MSKVSFKITLTSDPRLPYKVLSVPESTPFTAVLKFAAEEFKVPAATSAIITNDGIGINPAQTAGNVFLKHGSELRIIPRDRVGSC,3.981690421085145,,0.12
61,0.07209302325581396,ext_neg,0.10232558139534884,-84.60000000000002,0.053488372093023255,0.0,MALNEGQIVTLAVDEIIETISAITPMAQKAKKYTPPAASMQRSSNTIWMPVEQESPTQEGWDLTDKATGLLELNVAVNMGEPDNDFFQLRADDLRDETAYRRRIQSAARKLANNVELKVANMAAEMGSLVITSPDAIGTNTADAWNFVADAEEIMFSRELNRDMGTSYFFNPQDYKKAGYDLTKRDIFGRIPEEAYRDGTIQRQVAGFDDVLRSPKLPVLTKSTATGITVSGAQSFKPVAWQLDNDGNKVNVDNRFATVTLSATTGMKRGDKISFAGVKFLGQMAKNVLAQDATFSVVRVVDGTHVEITPKPVALDDVSLSPEQRAYANVNTSLADAMAVNILNVKDARTNVFWADDAIRIVSQPIPANHELFAGMKTTSFSIPDVGLNGIFATQGDISTLSGLCRIALWYGVNATRPEAIGVGLPGQTA,4.074178097069988,,0.22
62,0.04615384615384616,ext_neg,0.061538461538461535,-50.1,0.4153846153846154,0.0,VVYTDCTESGQNLCLCEGSNVCGQGNKCILGSDGEKNQCVTGEGTPKPQSHNDGDFEEIPEEYLQ,3.7951654134821733,,0.68
63,0.13991769547325106,ext_neg,0.09876543209876544,-41.89999999999999,0.0,0.0,QNTVNFTYPDFWSYSLKNGTEITFLGDATRIPGALQLTKTDANGNPVRSSAGQASYSEPVFLWDSTGKAASFYTSFTFLLKNYGAPTADGLAFFLAPVDSSVKDYGGFLGLFRHETAADPSKNQVVAVEFDTWINKDWNDPPYPHIGIDVNSIVSVATTRWENDDAYGSSIATAHITYDARSKILTVLLSYEHGRDYILSHVVDLAKVLPQKVRIGFSAGVGYDEVTYILSWHFFSTLDGTNK,4.0362890335699975,,0.01
64,0.1226851851851852,ext_neg,0.14583333333333334,-194.00000000000003,0.0,0.0,MFKPNYHFFPITGWMNDPNGLIFWKGKYHMFYQYNPRKPEWGNICWGHAVSDDLVHWRHLPVALYPDDETHGVFSGSAVEKDGKMFLVYTYYRDPTHNKGEKETQCVAMSENGLDFVKYDGNPVISKPPEEGTHAFRDPKVNRSNGEWRMVLGSGKDEKIGRVLLYTSDDLFHWKYEGVIFEDETTKEIECPDLVRIGEKDILIYSITSTNSVLFSMGELKEGKLNVEKRGLLDHGTDFYAAQTFFGTDRVVVIGWLQSWLRTGLYPTKREGWNGVMSLPRELYVENNELKVKPVDELLALRKRKVFETAKSGTFLLDVKENSYEIVCEFSGEIELRMGNESEEVVITKSRDELIVDTTRSGVSGGEVRKSTVEDEATNRIRAFLDSCSVEFFFNDSIAFSFRIHPENVYNILSVKSNQVKLEVFELENIWL,4.140033542513412,,0.2
65,0.12307692307692307,ext_neg,0.07692307692307693,44.59999999999999,0.0,0.26153846153846155,ARRTWLGDILRPLNSEYGKVAPGWGTTPLMAVFMGLFLVFLLIILEIYNSTLILDGVNVSWKALG,3.8620656526452013,,0.45
66,0.08041958041958043,ext_neg,0.15384615384615385,-89.6,0.0,0.0,MKIIALRSSLKLAARIAEELKTEPVMPDERRFPDGELYLRYDEDLTGHNIFIIGNTHSDAEVMEMILTLSAIQDYRTKSVNIIAPYYGYARQHQRYKNGEPISSQILTEIYSSYSNSIATVDIHDEKTLSYSKVKFSDLHANDAIVRYYKNVDVDYVVSPDDGGLARVADISAKLGKKHFFIEKKRIDDRTVEMKVPNVDVNGKKLLIVDDIISTGGTIAKSSGLLREKGASKIYVSAVHGLFVNGSENKILQNADEIHVTDTVESKFSDISVYQEVCNYIRDIDA,4.034096306959936,,0.0
67,0.08040201005025126,ext_neg,0.2487437185929648,-237.79999999999995,0.07035175879396985,0.0,MSHRKFEAPRHGNLGFRPRKRAARHQGKVKSFPKDDRTQKVHLTAFMGYKAGMTHVVRDLEKPGSKMHKKEIVEAVTIIECPPMYIVGLVGYVETAQGLKTYKTVWAQHLSDNFRRRLYKNWYKSKSKKAFTKYVKQYETEEGKKSIEASLQAIKKRCSVVRVIAHTQVHKLKLTQKKAHVLEIQVNGGSIVEKVNFAVANFEKTVNVTGVFAENELIDVIGVTKGKGFNGVIKRWGVRKLPRKTHKGLRKVACIGAWHPSRVSTTVPRAGQLGYHHRVERNKKIYRIGQAQPEDGKQISTGKTEFDLTEKTINPMGGFAHYGMVKHEFLMLKGCVAGPRKRALTLRKSITTQTGRAALEKITLKFIDTSSKFGHGLHQTAEDKTKYFGVKKSRSTKA,4.0772958375653525,,0.68
68,0.08896797153024913,ext_neg,0.12455516014234876,-73.80000000000005,0.0,0.06227758007117438,MVKIVTVKTQAYQDQKPGTSGLRKRVKVFQSSANYAENFIQSIISTVEPAQRQEATLVVGGDGRFYMKEAIQLIARIAAANGIGRLVIGQNGILSTPAVSCIIRKIKAIGGIILTASHNPGGPNGDFGIKFNISNGGPAPEAITDKIFQISKTIEEYAVCPDLKVDLGVLGKQQFDLENKFKPFTVEIVDSVEAYATMLRSIFDFSALKELLSGPNRLKIRIDAMHGVVGPYVKKILCEELGAPANSAVNCVPLEDFGGHHPDPNLTYAADLVETMKSGEHDFGAAFDGDGDRNMILGKHGFFVNPSDSVAVIAANIFSIPYFQQTGVRGFARSMPTSGALDRVASATKIALYETPTGWKFFGNLMDASKLSLCGEESFGTGSDHIREKDGLWAVLAWLSILATRKQSVEDILKDHWQKYGRNFFTRYDYEEVEAEGANKMMKDLEALMFDRSFVGKQFSANDKVYTVEKADNFEYSDPVDGSISRNQGLRLIFTDGSRIVFRLSGTGSAGATIRLYIDSYEKDVAKINQDPQVMLAPLISIALKVSQLQERTGRTAPTVIT,4.122877077442063,,0.06
69,0.09916201117318436,ext_neg,0.14664804469273746,-337.9000000000001,0.0,0.02094972067039106,MEDFVRQCFNPMIVELAEKAMKEYGEDLKIETNKFAAICTHLEVCFMYSDFHFINEQGESIVVELDDPNALLKHRFEIIEGRDRTMAWTVVNSICNTTGAEKPKFLPDLYDYKENRFIEIGVTRREVHIYYLEKANKIKSENTHIHIFSFTGEEMATKADYTLDEESRARIKTRLFTIRQEMANRGLWDSFRQSERGEETIEERFEITGTMRRLADQSLPPNFSCLENFRAYVDGFEPNGYIEGKLSQMSKEVNAKIEPFLKTTPRPIRLPDGPPCFQRSKFLLMDALKLSIEDPSHEGEGIPLYDAIKCMRTFFGWKEPYIVKPHEKGINPNYLLSWKQVLAELQDIENEEKIPRTKNMKKTSQLKWALGENMAPEKVDFDNCRDVSDLKQYDSDEPELRSLSSWIQNEFNKACELTDSTWIELDEIGEDVAPIEYIASMRRNYFTAEVSHCRATEYIMKGVYINTALLNASCAAMDDFQLIPMISKCRTKEGRRKTNLYGFIIKGRSHLRNDTDVVNFVSMEFSLTDPRLEPHKWEKYCVLEIGDMLLRSAIGQMSRPMFLYVRTNGTSKIKMKWGMEMRRCLLQSLQQIESMIEAESSVKEKDMTKEFFENKSETWPIGESPKGVEDGSIGKVCRTLLAKSVFNSLYASPQLEGFSAESRKLLLVVQALRDNLEPGTFDLEGLYEAIEECLINDPWVLLNASWFNSFLTHALR,4.176686209587704,,0.22
70,0.06796116504854369,ext_neg,0.10679611650485436,1.400000000000002,0.0,0.0,GIDPNYRTSRQVVGEHQGHKVYGPVDPPKVLGIHGTIVGVDFDLCIADGSCITACPVNVFQWYDTPGHPASEKKADPINEQACIFCMACVNVCPVAAIDVKPP,4.036311555422838,,0.02
71,0.05,ext_neg,0.14705882352941174,-16.80000000000003,0.0,0.0,MINVAVNGYGTIGKRVADAIIKQPDMKLVGVAKTSPNYEAFIAHRRGIRIYVPQQSIKKFEESGIPVAGTVEDLIKTSDIVVDTTPNGVGAQYKPIYLQLQRNAIFQGGEKAEVADISFSALCNYNEALGKKYIRVVSCNTTALLRTICTVNKVSKVEKVRATIVRRAADQKEVKKGPINSLVPDPATVPSHHAKDVNSVIRNLDIATMAVIAPTTLMHMHFINITLKDKVEKKDILSVLENTPRIVLISSKYDAEATAELVEVARDLKRDRNDIPEVMIFSDSIYVKDDEVMLMYAVHQESIVVPENIDAIRASMKLMSAEDSMRITNESLGILKGYLI,4.0498138165176,,0.01
72,0.05384615384615385,ext_neg,0.1153846153846154,6.1999999999999975,0.0,0.0,MMTQIIHTEKAPAAIGPYVQAVDLGNLVLTSGQIPVNPATGEVPADIVAQARQSLENVKAIIEKAGLTAADIVKTTVFVKDLNDFAAVNAEYERFFKENNHPNFPARSCVEVARLPKDVGLEIEAIAVRK,3.9607725285989615,,0.0
73,0.08724832214765099,ext_neg,0.12080536912751677,-79.90000000000002,0.0,0.0,MMAVEQMPKKDWYSILGADPSANISDLKQKYQKLILMYHPDKQSTDVPAGTVEECVQKFIEIDQAWKILGNEETKREYDLQRCEDDLRNVGPVDAQVYLEEMSWNEGDHSFYLSCRCGGKYSVSKDEAEEVSLISCDTCSLIIELLHYN,4.1446840923669095,,0.01
74,0.15168539325842698,ext_neg,0.15168539325842698,-121.9,0.0,0.0,MSKTGTKITFYEDKNFQGRRYDCDCDCADFHTYLSRCNSIKVEGGTWAVYERPNFAGYMYILPQGEYPEYQRWMGLNDRLSSCRAVHLPSGGQYKIQIFEKGDFSGQMYETTEDCPSIMEQFHMREIHSCKVLEGVWIFYELPNYRGRQYLLDKKEYRKPIDWGAASPAVQSFRRIVE,4.23393825091469,,0.1
75,0.07317073170731707,ext_neg,0.08943089430894309,-47.29999999999998,0.0,0.06097560975609756,MPVPNPTMPVKGAGTTLWVYKGSGDPYANPLSDVDWSRLAKVKDLTPGELTAESYDDSYLDDEDADWTATGQGQKSAGDTSFTLAWMPGEQGQQALLAWFNEGDTRAYKIRFPNGTVDVFRGWVSSIGKAVTAKEVITRTVKVTNVGRPSMAEDRSTVTAATGMTVTPASTSVVKGQSTTLTVAFQPEGVTDKSFRAVSADKTKATVSVSGMTITVNGVAAGKVNIPVVSGNGEFAAVAEITVTAS,3.9156317188970577,,0.03
76,0.0892018779342723,ext_neg,0.12206572769953053,-97.4,0.0,0.0,MKSLQALFGGTFDPVHYGHLKPVETLANLIGLTRVTIIPNNVPPHRPQPEANSVQRKHMLELAIADKPLFTLDERELKRNAPSYTAQTLKEWRQEQGPDVPLAFIIGQDSLLTFPTWYEYETILDNAHLIVCRRPGYPLEMAQPQYQQWLEDHLTHNPEDLHLQPAGKIYLAETPWFNISATIIRERLQNGESCEDLLPEPVLTYINQQGLYR,4.1026626238635915,,0.06
77,0.0963855421686747,ext_neg,0.13253012048192772,-29.5,0.0,0.0,MKLSPKAAIEVCNEAAKKGLWILGIDGGHWLNPGFRIDSSASWTYDMPEEYKSKIPENNRLAIENIKDDIENGYTAFIITLKM,3.9980465900434488,,0.01
78,0.1097560975609756,ext_neg,0.1097560975609756,-82.60000000000002,0.0,0.0,APECGERASGKRCPNGKCCSQWGYCGTTDNYCGQGCQSQCDYWRCGRDFGGRLCEEDMCCSKYGWCGYSDDHCEDGCQSQCD,3.6811622147141154,,0.13
79,0.09053497942386833,ext_neg,0.12345679012345677,-22.70000000000001,0.0,0.0,MSKLIVPQWPLPKGVAACSSTRIGGVSLPPYDSLNLGAHCGDNPDHVEENRKRLFAAGNLPSKPVWLEQVHGKDVLKLTGEPYASKRADASYSNTPGTVCAVMTADCLPVLFCNRAGTEVAAVHAGWRGLCAGVLEETVSCFADKPENILAWLGPAIGPRAFEVGAEVREAFMAVDAKASAAFIQHGDKYLADIYQLARQRLANVGVEQIFGGDRCTYTENETFFSYRRDKTTGRMASFIWLI,4.141435916499627,,0.21
80,0.08645533141210375,ext_neg,0.06340057636887607,277.5,0.0,0.24495677233429394,MNPIILIIILMTVMLGTIIVMISTHWLLIWIGFEMNMLAIIPIMMKKHNPRATEASTKYFLTQSTASMLLMMAIIINLMFSGQWTVMKLFNPMASMLMTMALAMKLGMAPFHFWVPEVTQGIPLSSGLILLTWQKLAPMSVLYQILPSINLDLILTLSILSITIGGWGGLNQTQLRKIMAYSSIAHMGWMTAVLLYNPTMTLLNLIIYIIMTSTMFTLFMANSTTTTLSLSHTWNKAPIMTILVLITLLSMGGLPPLSGFMPKWMIIQEMTKNDSIILPTLMAITALLNLYFYMRLTYSTALTMFPSTNNMKMKWQFPTTKRMTLLPTMTVLSTMLLPLTPILSILE,3.8105179812038266,,0.45
81,0.1453287197231834,ext_neg,0.14186851211072665,-88.20000000000002,0.0,0.0,MEQGICGSHVFFIEDGKSKNYIIGKYKIGYLSGDNLILDPYECLYLYFKGRISFQNSDSFRDLFDTVTFDRYVAYEILKNKGYRVKEDSGLIYFRKGTEKPLSLRVMREYDRIQFSDLVENPVDYYFTVDEEGDPTVYSSQEIFPAGRNLVSPVSAPVVRMGGRSFGAGDLEWWIGTAFHGFRLLTENEANYISGNHSASQVDMVYSDLVGRGCIVKTGFKYGANFRVYLGRDSQHAEYLVSVMPEEERWYSISRGVRVASSVRKTMIYASIYKNEVRYVALKRVKDII,4.098775858417836,,0.01
82,0.0755813953488372,ext_neg,0.17151162790697674,-96.1,0.0,0.02616279069767442,MKDVTIIGGGPSGLYASFYAGLRDMSVRLIDVQSELGGKMRIYPEKIIWDIGGIAPKPCHEILKDTIKQGLYFKPEVHLNERVVDIRKKAERHFEVETEAGEIYTSKAVIIAIGAGIINPKQLDVKGVERYQLTNLHYVVQSYRRFKDKDVLISGGGNTALDWAHDIAKIAKSVTVVYRKEDVSGHEAMKTLVTDLNVKLCPKTRIKYLVGNDDETHISEVVLEHVESGDRHTVKFDDVIISHGFDRCNTLLSETSSKLDMHDDCRVKGFGNTTTSIPGIYACGDIVYHDAKSHLIASAFSDGANAANLAKTYIQPDANAEGYVSSHHEVFKEANKTIVNKHLY,4.103715308475416,,0.04
83,0.06956521739130435,ext_neg,0.19130434782608696,-30.7,0.0,0.056521739130434775,MKLMEVSPLFPCIFLRRVNRFVGLVRIKERIERALITNTGRLNEFMIPGRIGYCTPKAGGKTRYILLGFEDHGKIAIIDTRLQGKAFEKIIEKELLPELEGCRIIKREPRVGESRLDYLLECSKGEIFVETKSAVLREGEYAMYPDCPSVRGQRHIKELIKLARDGKRAMIVFIGALPNVSKFKPYKKGDPKIAELLKEALEAGVEIRALGLHMELSGEIIYRGELGVEI,3.927438530041623,,0.1
84,0.08888888888888889,ext_neg,0.13703703703703704,-37.200000000000024,0.0,0.0,MIEQNEKASIGIIGGSGLYDPGIFSESKEIKVYTPYGQPSDFITIGKIGNKSVAFLPRHGRGHRIPPHKINYRANIWALKELGVRWVISVSAVGSLRMDYKLGDFVIPDQFIDMTKNREYSFFDGPVVAHVSMADPFCNSLRKLAIETAKELNIKTHESGTYICIEGPRFSTRAESRTWREVYKADIIGMTLVPEVNLACEAQMCYATIAMVTDYDVFAEIPVTAEEVTRVMAENTEKAKKLLYALIQKLPEKPEEGSCSCCNSLKTALV,4.1672065971927035,,0.03
85,0.08914728682170542,ext_neg,0.11627906976744184,-73.59999999999998,0.0,0.08527131782945736,MDDDHEQLVEELEAVEAIYPDLLSKKQEDGSIIVVKVPQHEYMTLQISFPTHYPSEEAPNVIEVGVCTSLAKRDLYDTKYLQHLFQEVMDSVFHRGSVCLFDFLTELDGVLYVEPEEETEPVQQSDIPTDPFEGWTASDPITDRGSTFMAFAAHVTSEEQAFAMLDLLKTDSKMRKANHVMSAWRIKQDGSAATYQDSDDDGETAAGSRMLHLITIMDVWNVIVVVARWFGGAHIGPDRFKHINSTAREAVVRAGFDS,4.136337266464864,,0.07
86,0.14345991561181434,ext_neg,0.1181434599156118,-41.40000000000003,0.0,0.0,MNAQAEEFKKYLETNGIKPKQFHKKELIFNQWDPQEYCIFLYDGITKLTSISENGTIMNLQYYKGAFVIMSGFIDTETSVGYYNLEVISEQATAYVIKINELKELLSKNLTHFFYVFQTLQKQVSYSLAKFNDFSINGKLGSICGQLLILTYVYGKETPDGIKITLDNLTMQELGYSSGIAHSSAVSRIISKLKQEKVIVYKNSCFYVQNLDYLKRYAPKLDEWFYLACPATWGKLN,4.06986974940609,,0.04
87,0.019417475728155338,ext_neg,0.2330097087378641,-66.30000000000003,0.3592233009708738,0.0,MHVKKGDKVMVISGKDKGKQGTILAAFPKKDRVLVEGVNMVKKHSKPTQANPQGGISNQEAPIHVSNVMPLDPKTGEVTRVGYKVEDGKKVRVAKKSGQVLDK,3.8217043795968992,,0.88
88,0.09803921568627452,ext_neg,0.1176470588235294,-22.70000000000001,0.0,0.0,MFKPHVTVACVVHAEGKFLVVEETINGKALWNQPAGHLEADETLVEAAARELWEETGISAQPQHFIRMHQWIAPDKTPFLRFLFAIELEQICPTQPHDSDIDCCRWVSAEEILQASNLRSPLVAESIRCYQSGQRYPLEMIGDFNWPFTKGVI,4.1779315726333905,,0.27
89,0.1068702290076336,ext_neg,0.17938931297709926,-45.29999999999998,0.0,0.04580152671755725,MWITQEITPYLRKEYTIEAKLLDVRSEHNILEIFKSKDFGEIAMLNRQLLFKNFLHIESELLAHMGGCTKKELKEVLIVDGFDLELAHQLFKYDTHIDFVQADEKILDSFISFFPHFHEVKNNKNFTHAKQLLDLDIKKYDLIFCLQEPDIHRIDGLKRMLKEDGVFISVAKHPLLEHVSMQNALKNMGGVFSVAMPFVAPLRILSNKGYIYASFKTHPLKDLMTPKIEALTSVRYYNEDIHRAAFALPKNLQEVFKDNIKS,4.078212753587032,,0.07
90,0.15714285714285714,ext_neg,0.12857142857142856,-28.699999999999992,0.0,0.0,TEFGSELKSFPEVVGKTVDQAREYFTLHYPQYDVYFLPEGSPVTLDLRYNRVRVFYNPGTNVVNHVPHVG,3.823766407054415,,0.14
91,0.04883227176220807,ext_neg,0.11464968152866242,-147.39999999999995,0.04670912951167728,0.025477707006369428,MKQSTIALALLPLLFTPVTKARTPEMPVLENRAAQGDITAPGGARRLTGDQTAALRDSLSDKPAKNIILLIGDGMGDSEITAARNYAEGAGGFFKGIDALPLTGQYTHYALNKKTGKPDYVTDSAASATAWSTGVKTYNGALGVDIHEKDHPTILEMAKAAGLATGNVSTAELQDATPAALVAHVTSRKCYGPSATSEKCPGNALEKGGKGSITEQLLNARADVTLGGGAKTFAETATAGEWQGKTLREQAQARGYQLVSDAASLNSVTEANQQKPLLGLFADGNMPVRWLGPKATYHGNIDKPAVTCTPNPQRNDSVPTLAQMTDKAIELLSKNEKGFFLQVEGASIDKQDHAANPCGQIGETVDLDEAVQRALEFAKKEGNTLVIVTADHAHASQIVAPDTKAPGLTQALNTKDGAVMVMSYGNSEEDSQEHTGSQLRIAAYGPHAANVVGLTDQTDLFYTMKAALGLK,4.014535825311353,,0.37
92,0.13142857142857142,ext_neg,0.11428571428571427,-40.8,0.0,0.0,ALAGTIIAGASLTFQVLDKVLEELGKVSRKIAVGIDNESGGTWTALNAYFRSGTTDVILPEFVPNTKALLYSGRKDTGPVATGAVAAFAYYMSSGNTLGVMFSVPFDYNWYSNWWDVKIYSGKRRADQGMYEDLYYGNPYRGDNGWHEKNLGYGLRMKGIMTSAGEAKMQIKISR,4.06390880554911,,0.0
93,0.08152173913043477,ext_neg,0.11956521739130435,-52.90000000000001,0.0,0.0,MISVTDLRPGTKVKMDGGLWECVEYQHQKLGRGGAKVVAKFKNLETGATVERTFNSGEKLEDIYVETRELQYLYPEGEEMVFMDLETYEQFAVPRSRVVGAEFFKEGMTALGDMYEGQPIKVTPPTVVELKVVDTPPGVRGDTVSGGSKPATLETGAVVQVPLFVEPGEVIKVDTRTGEYVGRA,3.927597859637161,,0.02
94,0.13720316622691292,ext_neg,0.07915567282321902,257.7,0.0,0.09762532981530343,MTNIRKSHPLMKIVNNAFIDLPAPSNISSWWNFGSLLGICLILQILTGLFLAMHYTSDTTTAFSSVTHICRDVNYGWIIRYMHANGASMFFICLYMHVGRGLYYGSYTFLETWNIGVILLLTVMATAFMGYVLPWGQMSFWGATVITNLLSAIPYIGTNLVEWIWGGFSVDKATLTRFFAFHFILPFIIMAIAMVHLLFLHETGSNNPTGISSDVDKIPFHPYYTIKDILGALLLILALMLLVLFAPDLLGDPDNYTPANPLNTPPHIKPEWYFLFAYAILRSIPNKLGGVLALAFSILILALIPLLHTSKQRSMMFRPLSQCLFWALVADLLTLTWIGGQPVEHPYITIGQLASVLYFLLILVLMPTAGTIENKLLKW,4.044264625494265,,0.66
95,0.09523809523809523,ext_neg,0.13333333333333333,-35.70000000000001,0.0,0.0,MAKISSPTETERCIESLIAVFQKYAGKDGYNYTLSKTEFLSFMNTELAAFTKNQKDPGVLDRMMKKLDTNSDGQLDFSEFLNLIGGLAMACHDSFLKAVPSQKRT,4.063162625838955,,0.0
96,0.029411764705882356,ext_neg,0.2647058823529412,-57.9,0.0,0.0,ADVVTYENKKGNVTFDHKAHAEKLGCDACHEGTPAKIAIDKKSAHKDACKTCHKSNNGPTKCGGCHIK,3.6899213930591808,,0.15
97,0.06106870229007633,ext_neg,0.1297709923664122,-20.799999999999994,0.0,0.0,AQLQNLVLKDREATPNDHTFVPRDIRDNVGEVVESTGVPIGESRFTISLRKTSNGRYKSTLKLVVPVVQSQTVNGIVTPVVVRTSYVTVDFDYDARSTTKERNNFVGMIADALKADLMLVHDTIVNLQGVY,3.9469955205022536,,0.1
98,0.09389671361502347,ext_neg,0.15492957746478872,-125.4,0.0,0.0,MSVEEVSKKFEENVSVDDTTATPKTVLSDSAHFDVKHPLNTKWTLWYTKPAVDKSESWSDLLRPVTSFQTVEEFWAIIQNIPEPHELPLKSDYHVFRNDVRPEWEDEANAKGGKWSFQLRGKGADIDELWLRTLLAVIGETIDEDDSQINGVVLSIRKGGNKFALWTKSEDKEPLLRIGGKFKQVLKLTDDGHLEFFPHSSANGRHPQPSITL,4.061967231879477,,0.0
99,0.036458333333333336,ext_neg,0.13541666666666666,-49.100000000000016,0.0,0.078125,MKNKLVVVTGVPGVGGTTITQKAMEKLSEEGINYKMVNFGTVMFEVAQEENLVEDRDQMRKLDPDTQKRIQKLAGRKIAEMVKESPVVVDTHSTIKTPKGYLPGLPVWVLNELNPDIIIVVETSGDEILIRRLNDETRNRDLETTAGIEEHQIMNRAAAMTYGVLTGATVKIIQNKNNLLDYAVEELISVLR,3.989200882893772,,0.05
100,0.07083333333333333,ext_neg,0.13333333333333333,-37.10000000000001,0.0,0.1,MTPTIELICGHRSIRHFTDEPISEAQREAIINSARATSSSSFLQCSSIIRITDKALREELVTLTGGQKHVAQAAEFWVFCADFNRHLQICPDAQLGLAEQLLLGVVDTAMMAQNALIAAESLGLGGVYIGGLRNNIEAVTKLLKLPQHVLPLFGLCLGWPADNPDLKPRLPASILVHENSYQPLDKGALAQYDEQLAEYYLTRGSNNRRDTWSDHIRRTIIKESRPFILDYLHKQGWATR,4.119142614937882,,0.05
101,0.10468920392584516,ext_neg,0.14721919302071973,-428.79999999999984,0.023991275899672846,0.04143947655398037,MDYKETLLMPKTDFPMRGGLPNKEPQIQEKWDAEDQYHKALEKNKGNETFILHDGPPYANGNLHMGHALNKILKDFIVRYKTMQGFYAPYVPGWDTHGLPIEQALTKKGVDRKKMSTAEFREKCKEFALEQIELQKKDFRRLGVRGDFNDPYITLKPEYEAAQIRIFGEMADKGLIYKGKKPVYWSPSSESSLAEAEIEYHDKRSASIYVAFNVKDDKGVVDADAKFIIWTTTPWTIPSNVAITVHPELKYGQYNVNGEKYIIAEALSDAVAEALDWDKASIKLEKEYTGKELEYVVAQHPFLDRESLVINGDHVTTDAGTGCVHTAPGHGEDDYIVGQKYELPVISPIDDKGVFTEEGGQFEGMFYDKANKAVTDLLTEKGALLKLDFITHSYPHDWRTKKPVIFRATPQWFASISKVRQDILDAIENTNFKVNWGKTRIYNMVRDRGEWVISRQRVWGVPLPVFYAENGEIIMTKETVNHVADLFAEHGSNIWFEREAKDLLPEGFTHPGSPNGTFTKETDIMDVWFDSGSSHRGVLETRPELSFPADMYLEGSDQYRGWFNSSITTSVATRGVSPYKFLLSHGFVMDGEGKKMSKSLGNVIVPDQVVKQKGADIARLWVSSTDYLADVRISDEILKQTSDVYRKIRNTLRFMLGNINDFNPDTDSIPESELLEVDRYLLNRLREFTASTINNYENFDYLNIYQEVQNFINVELSNFYLDYGKDILYIEQRDSHIRRSMQTVLYQILVDMTKLLAPILVHTAEEVWSHTPHVKEESVHLADMPKVVEVDQALLDKWRTFMNLRDDVNRALETARNEKVIGKSLEAKVTIASNDKFNASEFLTSFDALHQLFIVSQVKVVDKLDDQATAYEHGDIVIEHADGEKCERCWNYSEDLGAVDELTHLCPRCQQVVKSLV,4.179303551935794,,0.38
102,0.02985074626865672,ext_neg,0.13432835820895522,-11.90000000000001,0.0,0.3582089552238806,MMTALETRLSVADGTHAAALRQRLQAALAECRRELARGACPEHFQFLQQQARALEGGLGILSQLTED,3.566153635215469,,0.21
103,0.06481481481481481,ext_neg,0.16666666666666666,-58.50000000000001,0.0,0.0,MSIENLKSFDPFADTGDDETATSNYIHIRIQQRNGRKTLTTVQGVPEEYDLKRILKVLKKDFACNGNIVKDPEMGEIIQLQGDQRAKVCEFMISQLGLQKKNIKIHGF,4.077876145675367,,0.01
104,0.04975124378109453,ext_neg,0.17412935323383086,-47.30000000000002,0.11940298507462685,0.0,MELVLKDAQSALTVSETTFGRDFNEALVHQVVVAYAAGARQGTRAQKTRAEVTGSGKKPWRQKGTGRARSGSIKSPIWRSGGVTFAARPQDHSQKVNKKMYRGALKSILSELVRQDRLIVVEKFSVEAPKTKLLAQKLKDMALEDVLIITGELDENLFLAARNLHKVDVRDATGIDPVSLIAFDKVVMTADAVKQVEEMLA,3.978216002957293,,0.14
105,0.08139534883720931,ext_neg,0.11627906976744184,-54.90000000000001,0.0,0.0,MELKHSISDYTEAEFLQLVTTICNADTSSEEELVKLVTHFEEMTEHPSGSDLIYYPKEGDDDSPSGIVNTVKQWRAANGKSGFKQG,4.082332709109272,,0.0
106,0.017241379310344827,ext_neg,0.03448275862068965,0.5000000000000036,0.0,0.0,PIEVNDDCMACEACVEICPDVFEMNEEGDKAVVINPDSDLDCVEEAIDSCPAEAIVRS,3.5421228062516814,,0.2
107,0.08571428571428573,ext_neg,0.1523809523809524,-52.19999999999998,0.0,0.1523809523809524,MSKSNTYRMLVLLEDDTKINKEDEKFLKGKPGKMHEFVDELILPFNVDELDELNTWFDKFDAEICIPNEGHIKYEISSDGLIVLMLDKEIEEVVEKVKKFVEENN,3.8185333314492147,,0.03
108,0.045454545454545456,ext_neg,0.060606060606060615,-2.6000000000000028,0.0,0.0,MQILFNDQAMQCAAGQTVHELLEQLDQRQAGAALAINQQIVPREQWAQHIVQDGDQILLFQVIAGG,3.629877735159701,,0.09
109,0.09565217391304348,ext_neg,0.13478260869565215,-38.8,0.0,0.0,MKIEPITGSEAEAFHRMGSRAFERYNEFVDLLVGAGIADGQTVVDLCCGSGELEIILTSRFPSLNLVGVDLSEDMVRIARDYAAEQGKELEFRHGDAQSPAGMEDLLGKADLVVSRHAFHRLTRLPAGFDTMLRLVKPGGAILNVSFLHLSDFDEPGFRTWVRFLKERPWDAEMQVAWALAHYYAPRLQDYRDALAQAADETPVSEQRIWVDDQGYGVATVKCFARRAAA,4.064616050661476,,0.0
110,0.10327455919395466,ext_neg,0.09319899244332494,-62.699999999999974,0.0,0.0,MDVLYSLSKTLKDARDKIVEGTLYSNVSDLIQQFNQMIITMNGNEFQTGGIGNLPIRNWNFDFGLLGTTLLNLDANYVETARNTIDYFVDFVDNVCMDEMVRESQRNGIAPQSDSLIKLSGIKFKRINFDNSSEYIENWNLQNRRQRTGFTFHKPNIFPYSASFTLNRSQPAHDNLMGTMWLNAGSEIQVAGFDYSCAINAPANTQQFEHIVQLRRVLTTATITLLPDAERFSFPRVITSADGATTWYFNPVILRPNNVEIEFLLNGQIINTYQARFGTIIARNFDTIRLSFQLMRPPNMTPAVAALFPNAQPFEHHATVGLTLRIESAVCESVLADASETMLANVTSVRQEYAIPVGPVFPPGMNWTDLITNYSPSREDNLQRVFTVASIRSMLVK,4.128174183871882,,0.06
111,0.04807692307692308,ext_neg,0.17307692307692307,-21.000000000000007,0.0,0.0,MPKIFCLADVCMVPIGTDSASISDFVALIEKKIRESPLKSTLHSAGTTIEGPWDDVMGLIGEIHEYGHEKGYVRVHTDIRVGTRTDKHQTAQDKIDVVLKKISQ,4.036576129100608,,0.06
112,0.10121457489878542,ext_neg,0.12955465587044535,-46.3,0.0,0.032388663967611336,MRILVTNDDGIQSKGIIVLAELLSEEHEVFVVAPDKERSATGHSITIHVPLWMKKVFISERVVAYSTTGTPADCVKLAYNVVMDKRVDLIVSGVNRGPNMGMDILHSGTVSGAMEGAMMNIPSIAISSANYESPDFEGAARFLIDFLKEFDFSLLDPFTMLNINVPAGEIKGWRFTRQSRRRWNDYFEERVSPFGEKYYWMMGEVIEDDDRDDVDYKAVREGYVSITPIHPFLTNEQCLKKLREVYD,4.1498713042927236,,0.1
113,0.052083333333333336,ext_neg,0.13541666666666666,-32.2,0.0,0.0,MAEVEETLKRLQSQKGVQGIIVVNTEGIPIKSTMDNPTTTQYASLMHSFILKARSTVRDIDPQNDLTFLRIRSKKNEIMVAPDKDYFLIVIQNPTE,4.032036919783559,,0.0
114,0.06015037593984963,ext_neg,0.18796992481203006,-110.0,0.0,0.05263157894736842,MIYSRSKLPSEGEILIATVKQVFDYGSYVSLDEYGGLQAFLPWSEVSSKWVKNIRDVLKENRKVIVKVIRVDRRKGTVDVSLKKVTDDERRKKNLQWKKIQRLDKILELVSQKLKLSEKDAWEQVAWKLEAKYGDPITAIEKAVKEGEKILIDAGVPEIWVKPLLEEASKHAEERKVKMSGLITVRTNEPLGVEKIKEVISKALENIEQDYESLLNIKIYTIGAPRYRVDVVGTNPKEASEALNQIISNLIKIGKEENVDISVVKK,3.8896066576167216,,0.21
115,0.08011869436201781,ext_neg,0.1543026706231454,-105.7,0.0,0.032640949554896145,MTKVFAYAIRKDEEPFLNEWKEAHKDIDVDYTDKLLTPETAKLAKGADGVVVYQQLDYTADTLQALADAGVTKMSLRNVGVDNIDMDKAKELGFQITNVPVYSPNAIAEHAAIQAARVLRQDKRMDEKMAKRDLRWAPTIGREVRDQVVGVVGTGHIGQVFMRIMEGFGAKVIAYDIFKNPELEKKGYYVDSLDDLYKQADVISLHVPDVPANVHMINDKSIAEMKDGVVIVNCSRGRLVDTDAVIRGLDSGKIFGFVMDTYEDEVGVFNKDWEGKEFPDKRLADLIDRPNVLVTPHTAFYTTHAVRNMVVKAFNNNLKLINGEKPDSPVALNKNKF,4.069676541466752,,0.01
116,0.16260162601626016,ext_neg,0.12195121951219512,-36.00000000000001,0.0,0.0,MQVWPPLGLKKFETLSYLPPLTTEQLLAEVNYLLVKGWIPPLEFEVKDGFVYREHDKSPGYYDGRYWTMWKLPMFGGTDPAQVVNEVEEVKKAPPDAFVRFIGFNDKREVQCISFIAYKPAGY,4.088947143396284,,0.03
117,0.054545454545454536,ext_neg,0.12727272727272726,-14.600000000000005,0.0,0.0,AHMDCTEFNPLCRCNKMLGDLICAVIGDAKEEHRNMCALCCEHPGGFEYSNGPCE,3.9242876137534295,,0.02
118,0.07042253521126761,ext_neg,0.13380281690140844,-7.899999999999988,0.0,0.0,MKQKVVSIGDINVANDLPFVLFGGMNVLESRDLAMRICEHYVTVTQKLGIPYVFKASFDKANRSSIHSYRGPGLEEGMKIFQELKQTFGVKIITDVHEPSQAQPVADVVDVIQLPAFLARQTDLVEAMAKTGAVINVKKPQFVSPGQMGNIVDKFKEGGNEKVILCDRGANFGYDNLVVDMLGFSIMKKVSGNSPVIFDVTHALQCRDPFGAASGGRRAQVAELARAGMAVGLAGLFIEAHPDPEHAKCDGPSALPLAKLEPFLKQMKAIDDLVKGFEELDTSK,4.073842754884072,,0.03
119,0.049180327868852465,ext_neg,0.16393442622950818,-62.50000000000003,0.0,0.07650273224043716,MLTMKDIIRDGHPTLRQKAAELELPLTKEEKETLIAMREFLVNSQDEEIAKRYGLRSGVGLAAPQINISKRMIAVLIPDDGSGKSYDYMLVNPKIVSHSVQEAYLPTGEGCLSVDDNVAGLVHRHNRITIKAKDIEGNDIQLRLKGYPAIVFQHEIDHLNGVMFYDHIDKNHPLQPHTDAVEV,4.0933114060929805,,0.12
120,0.06735751295336788,ext_neg,0.13989637305699482,-31.200000000000006,0.0,0.0,MRLCDRDIEAWLDEGRLSINPRPPVERINGATVDVRLGNKFRTFRGHTAAFIDLSGPKDEVSAALDRVMSDEIVLDEGEAFYLHPGELALAVTLESVTLPADLVGWLDGRSSLARLGLMVHVTAHRIDPGWSGCIVLEFYNSGKLPLALRPGMLIGALSFEPLSGPAVRPYNRREDAKYRNQQGAVASRIDKD,4.017164683682876,,0.0
121,0.09137426900584797,ext_neg,0.18932748538011696,-812.7999999999997,0.01973684210526316,0.03947368421052632,MDKKYSIGLDIGTNSVGWAVITDEYKVPSKKFKVLGNTDRHSIKKNLIGALLFDSGETAEATRLKRTARRRYTRRKNRICYLQEIFSNEMAKVDDSFFHRLEESFLVEEDKKHERHPIFGNIVDEVAYHEKYPTIYHLRKKLVDSTDKADLRLIYLALAHMIKFRGHFLIEGDLNPDNSDVDKLFIQLVQTYNQLFEENPINASGVDAKAILSARLSKSRRLENLIAQLPGEKKNGLFGNLIALSLGLTPNFKSNFDLAEDAKLQLSKDTYDDDLDNLLAQIGDQYADLFLAAKNLSDAILLSDILRVNTEITKAPLSASMIKRYDEHHQDLTLLKALVRQQLPEKYKEIFFDQSKNGYAGYIDGGASQEEFYKFIKPILEKMDGTEELLVKLNREDLLRKQRTFDNGSIPHQIHLGELHAILRRQEDFYPFLKDNREKIEKILTFRIPYYVGPLARGNSRFAWMTRKSEETITPWNFEEVVDKGASAQSFIERMTNFDKNLPNEKVLPKHSLLYEYFTVYNELTKVKYVTEGMRKPAFLSGEQKKAIVDLLFKTNRKVTVKQLKEDYFKKIECFDSVEISGVEDRFNASLGTYHDLLKIIKDKDFLDNEENEDILEDIVLTLTLFEDREMIEERLKTYAHLFDDKVMKQLKRRRYTGWGRLSRKLINGIRDKQSGKTILDFLKSDGFANRNFMQLIHDDSLTFKEDIQKAQVSGQGDSLHEHIANLAGSPAIKKGILQTVKVVDELVKVMGRHKPENIVIEMARENQTTQKGQKNSRERMKRIEEGIKELGSQILKEHPVENTQLQNEKLYLYYLQNGRDMYVDQELDINRLSDYDVDHIVPQSFLKDDSIDNKVLTRSDKNRGKSDNVPSEEVVKKMKNYWRQLLNAKLITQRKFDNLTKAERGGLSELDKAGFIKRQLVETRQITKHVAQILDSRMNTKYDENDKLIREVKVITLKSKLVSDFRKDFQFYKVREINNYHHAHDAYLNAVVGTALIKKYPKLESEFVYGDYKVYDVRKMIAKSEQEIGKATAKYFFYSNIMNFFKTEITLANGEIRKRPLIETNGETGEIVWDKGRDFATVRKVLSMPQVNIVKKTEVQTGGFSKESILPKRNSDKLIARKKDWDPKKYGGFDSPTVAYSVLVVAKVEKGKSKKLKSVKELLGITIMERSSFEKNPIDFLEAKGYKEVKKDLIIKLPKYSLFELENGRKRMLASAGELQKGNELALPSKYVNFLYLASHYEKLKGSPEDNEQKQLFVEQHKHYLDEIIEQISEFSKRVILADANLDKVLSAYNKHRDKPIREQAENIIHLFTLTNLGAPAAFKYFDTTIDRKRYTSTKEVLDATLIHQSITGLYETRIDLSQLGGD,4.064770094363067,,0.4
122,0.1,ext_neg,0.1,-95.20000000000002,0.8714285714285714,0.35714285714285715,MSEKKQPVDLGLLEEDDEFEEFPAEDWAGLDEDEDAHVWEDNWDDDNVEDDFSNQLRAELEKHGYKMETS,3.708600370345702,,0.88
123,0.12,ext_neg,0.13666666666666666,-88.39999999999998,0.0,0.0,MYNPRCKDLDRDYFPSYHTTRFQDQPEPNLAVLEHFVRVTKQHGRELTEKQGITVDHLRYGEGRQLVDVFYSEKTTNQAPLFVFVHGGYWQEMDMSMSCSIVGPLVRRGYRVAVMDYNLCPQVTLEQLMTQFTHFLNWIFDYTEMTKVSSLTFAGHSAGAHLLAQILMRPNVITAQRSKMVWALIFLCGVYDLRELSNLESVNPKNILGLNERNIESVSPMLWEYTDVTVWNSTKIYVVAAEHDSTTFIEQSRHYADVLRKKGYKASFTLFKGYDHFDIIEETAIDDSDVSRFLRNIEIE,4.211721669063817,,0.12
124,0.07228915662650602,ext_neg,0.18072289156626506,-59.60000000000001,0.0,0.0,MASGVAVSDGVIKVFNDMKVRKSSTPEEVKKRKKAVLFCLSEDKKNIILEEGKEILVGDVGQTVDDPYATFVKMLPDKDCRYALYDATYETKESKKEDLVFIFWAPESAPLKSKMIYASSKDAIKKKLTGIKHELQANCYEEVKDRCTLAEKLGGSAVISLEGKPL,3.9681434655946974,,0.04
125,0.0958904109589041,ext_neg,0.15753424657534246,9.599999999999998,0.0,0.0,VHWSAEEKQLITGLWGKVNVADCGAEALARLLIVYPWTQRFFSSFGNLSSPTAILGNPMVRAHGKKVLTSFGDAVKNLDNIKNTFAQLSELHCDKLHVDPENFRLLGDILIIVLAAHFAKEFTPDCQAAWQKLVRVVAHALARKYH,4.097048771066463,,0.04
126,0.096,ext_neg,0.12,-45.40000000000001,0.0,0.0,MTVKKLYFIPAGRCMLDHSSVNSALTPGKLLNLPVWCYLLETEEGPILVDTGMPESAVNNEGLFNGTFVEGQILPKMTEEDRIVNILKRVGYEPDDLLYIISSHLHFDHAGGNGAFTNTPIIVQRTEYEAALHREEYMKECILPHLNYKIIEGDYEVVPGVQLLYTPGHSPGHQSLFIETEQSGSVLLTIDASYTKENFEDEVPFAGFDPELALSSIKRLKEVVKKEKPIIFFGHDIEQEKSCRVFPEYI,4.112076192947111,,0.03
127,0.09659090909090907,ext_neg,0.09090909090909093,-18.299999999999986,0.0,0.0,MTTSPDPYAALPKLPSFSLTSTSITDGQPLATPQVSGIMGAGGADASPQLRWSGFPSETRSFAVTVYDPDAPTLSGFWHWAVANLPANVTELPEGVGDGRELPGGALTLVNDAGMRRYVGAAPPPGHGVHRYYVAVHAVKVEKLDLPEDASPAYLGFNLFQHAIARAVIFGTYEQR,3.9870569291274096,,0.04
128,0.10377358490566037,ext_neg,0.12735849056603776,-68.69999999999997,0.1179245283018868,0.0,MDGVHDLAGVQGFGKVPHTVNADIGPTFHAEWEHLPYSLMFAGVAELGAFSVDEVRYVVERMEPRHYMMTPYYERYVIGVATLMVEKGILTQDELESLAGGPFPLSRPSESEGRPAPVETTTFEVGQRVRVRDEYVPGHIRMPAYCRGRVGTISHRTTEKWPFPDAIGHGRNDAGEEPTYHVKFAAEELFGSDTDGGSVVVDLFEGYLEPAA,4.0196550859204665,,0.2
129,0.07377049180327869,ext_neg,0.13114754098360654,2.600000000000003,0.0,0.0,MLPGTFFEVLKNEGVVAIATQGEDGPHLVNTWNSYLKVLDGNRIVVPVGGMHKTEANVARDERVLMTLGSRKVAGRNGPGTGFLIRGSAAFRTDGPEFEAIARFKWARAALVITVVSAEQTL,3.966860746887393,,0.03
130,0.11044776119402984,ext_neg,0.11343283582089553,-129.39999999999998,0.0,0.03880597014925373,MIVKKKLAAGEFAETFKNGNNITIIKAVGELVLRAYGADGGEGLRTIVRQGVSIKGMNYTSVMLHTEYAQEIEYWVGDLDYSFQEQTTKSRDVNSFQIPLRDGVRELLPEDASRNRASIKSPVDIWIGGENMTALNGIVDGGRKFEAGQEFQINTFGSVNYWVSDEEIRVFKEYSARAKYAQNEGRTALEANNVPFFDIDVPPELDGVPFSLKARVRHKSKGVDGLGDYTSISVKPAFYITEGDETTDTLIKYTSYGSTGSHSGYDFDDNTLDVMVTLSAGVHRVFPVETELDYDAVQEVQHDWYDESFTTFIEVYSDDPLLTVKGYAQILMERT,4.0952174884101185,,0.08
131,0.08679245283018867,ext_neg,0.10943396226415096,-31.899999999999984,0.0,0.0,MLASEVIQAYEAFCPQEFSMEGDSRGLQIGTLDKGIQRVMVALDIREETVAEAIEKGVDLIIVKHAPIFRPIKDLLASRPQNQIYIDLIKHDIAVYVSHTNIDIVENGLNDWFCQMLGIEETTYLQETGPERGIGRIGNIQPQTFWELAQQVKQVFDLDSLRMVHYQEDDLQKPISRVAICGGSGQSFYKDALAKGADVYITGDIYYHTAQDMLSDGLLALDPGHYIEVIFVEKIAALLSQWKEDKGWSIDILPSQASTNPFHHI,4.128467389754445,,0.0
132,0.1258741258741259,ext_neg,0.0944055944055944,-178.4,0.0,0.0,MSQTNANDLRNNEVFFISPSNNTNKVLDKISQSEVKLWNKLSGANQKWRLIYDTNKQAYKIKVMDNTSLILTWNAPLSSVSVKTDTNGDNQYWYLLQNYISRNVIIRNYMNPNLVLQYNIDDTLMVSTQTSSSNQFFKFSNCIYEALNNRNCKLQTQLNSDRFLSKNLNSQIIVLWQWFDSSRQKWIIEYNETKSAYTLKCQENNRYLTWIQNSNNYVETYQSTDSLIQYWNINYLDNDASKYILYNLQDTNRVLDVYNSQIANGTHVIVDSYHGNTNQQWIINLI,3.943303971340028,,0.28
133,0.07407407407407407,ext_neg,0.08888888888888889,-10.999999999999993,0.0,0.0,MKFLTTNFLKCSVKACDTSNDNFPLQYDGSKCQLVQDESIEFNPEFLLNIVDRVDWPAVLTVAAELGNNALPPTKPSFPSSIQELTDDDMAILNDLHTLLLQTSIAEGEMKCRNCGHIYYIKNGIPNLLLPPHLV,4.095984269569895,,0.0
134,0.020270270270270268,ext_neg,0.16891891891891891,-71.9,0.0,0.0,MSLLERLNQDMKLYMKNREKDKLTVVRMVKASLQNEAIKLKKDSLTEDEELTVLSRELKQRKDSLQEFSNANRLDLVDKVQKELDILEVYLPEQLSEEELRTIVNETIAEVGASSKADMGKVMGAIMPKVKGKADGSLINKLVSSQLS,3.7848203473846422,,0.2
135,0.09565217391304348,ext_neg,0.2,-71.7,0.0,0.14782608695652175,MSKINDINDLVNATFQVKKFFRDTKKKFNLNYEEIYILNHILRSESNEISSKEIAKCSEFKPYYLTKALQKLKDLKLLSKKRSLQDERTVIVYVTDTQKANIQKLISELEEYIKN,3.8119744720058297,,0.09
136,0.07865168539325842,ext_neg,0.11235955056179776,-26.4,0.0,0.05243445692883896,MKVGIDAGGTLIKIVQEQDNQRTFKTELTKNIDQVVEWLNQQQIEKLCLTGGNAGVIAENINIPAQIFVEFDAASQGLGILLKEQGHDLADYIFANVGTGTSLHYFDGQSQRRVGGIGTGGGMIQGLGYLLSQITDYKQLTDMAQHGDRNTIDLKVRHIYKDTEPPIPGDLTAANFGHVLHHLDADFTPSNKLAAVIGVVGEVVTTMAITVAREFKTENIVYIGSSFHNNALLRKVVEDYTVLRGCKPYYVENGAFSGAIGALYLEK,4.065945341217117,,0.05
137,0.0691588785046729,ext_neg,0.1233644859813084,-86.59999999999997,0.03925233644859813,0.10280373831775699,MNDHEVDVLVVGAGLGGLSTAMFLARQGVRVLVVERRPGLSPYPRAAGQNPRTMELLRIGGVADEVVRADDIRGTQGDFVIRLAESVRGEILRTVSESFDDMVAATEPCTPAGWAMLSQDKLEPILLAQARKHGGAIRFGTRLLSFRQHDDDAGAGVTARLAGPDGEYDLRAGYLVGADGNRSLVRESLGIGRYGHGTLTHMVGVIFDADLSGIMEPGTTGWYYLHHPEFKGTFGPTDRPDRHTLFVEYDPDEGERPEDFTPQRCVELIGLALDAPEVKPELVDIQGWEMAARIAERWREGRVFLAGDAAKVTPPTGGMSGNAAVADGFDLAWKLAAVLQGQAGAGLLDTYEDERKVAAELVVAEALAIYAQRMAPHMAEVWDKSVGYPETLLGFRYRSSAVLATDDDPARVENPLTPSGRPGFRGPHVLVSRHGERLSTVDLFGDGWTLLAGELGADWVAAAEAVSAELGVPVRAYRVGAGLTDPESAVSERYGIGKAGASLVRPDGIVAWRTDEAAADAAQTLEGVLRRVLDR,3.9336209310734045,,0.42
138,0.05531914893617021,ext_neg,0.14042553191489365,21.50000000000001,0.0,0.0,MILLVSPIDVEEAKEAIAGGADIIDVKNPKEGSLGANFPWMIKAIREVTPKDLLVSATVGDVPYKPGTISLAAVGAAISGADYIKVGLYGVKNYYQAVELMKNVVRAVKDIDENKIVVAAGYADAYRVGAVEPLIVPKIARDAGCDVAMLDTAIKDGKTLFDFQSKEILAEFVDEAHSYGLKCALAGSIKKEHIPILKEIGTDIVGVRGAACKGGDRNNGRIDRELVKELKELCK,3.9233877992926858,,0.0
139,0.08823529411764706,ext_neg,0.12566844919786094,-92.6,0.0,0.0,MRSQIQSFLKTFEVRYPIIQAPMAGASTLELAATVTRLGGIGSIPMGSLSEKCDAIETQLENFDELVGDSGRIVNLNFFAHKEPRSGRADVNEEWLKKYDKIYGKAGIEFDKKELKLLYPSFRSIVDPQHPTVRLLKNLKPKIVSFHFGLPHEAVIESLQASDIKIFVTVTNLQEFQQAYESKLDGVVLQGWEAGGHRGNFKANDVEDGQLKTLDLVSTIVDYIDSASISNPPFIIAAGGIHDDESIKELLQFNIAAVQLGTVWLPSSQATISPEHLKMFQSPKSDTMMTAAISGRNLRTISTPFLRDLHQSSPLASIPDYPLPYDSFKSLANDAKQSGKGPQYSAFLAGSNYHKSWKDTRSTEEIFSILVQDL,4.1033883940549645,,0.14
140,0.0798611111111111,ext_neg,0.10416666666666667,-22.800000000000008,0.0,0.0,MDVTAKYELIGLMAYPIRHSLSPEMQNKALEKAGLPFTYMAFEVDNDSFPGAIEGLKALKMRGTGVSMPNKQLACEYVDELTPAAKLVGAINTIVNDDGYLRGYNTDGTGHIRAIKESGFDIKGKTMVLLGAGGASTAIGAQGAIEGLKEIKLFNRRDEFFDKALAFAQRVNENTDCVVTVTDLADQQAFAEALASADILTNGTKVGMKPLENESLVNDISLLHPGLLVTECVYNPHMTKLLQQAQQAGCKTIDGYGMLLWQGAEQFTLWTGKDFPLEYVKQVMGFGA,4.087845142721287,,0.07
141,0.02385008517887564,ext_neg,0.131175468483816,28.6,0.0,0.06132879045996593,MKRKTKIVCTIGPASESVDKLVQLMEAGMNVARLNFSHGDHEEHGRRIANIREAAKRTGRTVAILLDTKGPEIRTHNMENGAIELKEGSKLVISMSEVLGTPEKISVTYPSLIDDVSVGAKILLDDGLISLEVNAVDKQAGEIVTTVLNGGVLKNKKGVNVPGVKVNLPGITEKDRADILFGIRQGIDFIAASFVRRASDVLEIRELLEAHDALHIQIIAKIENEEGVANIDEILEAADGLMVARGDLGVEIPAEEVPLIQKLLIKKCNMLGKPVITATQMLDSMQRNPRPTRAEASDVANAIFDGTDAVMLSGETAAGQYPVEAVKTMHQIALRTEQALEHRDILSQRTKESQTTITDAIGQSVAHTALNLDVAAIVTPTVSGKTPQMVAKYRPKAPIIAVTSNEAVSRRLALVWGVYTKEAPHVNTTDEMLDVAVDAAVRSGLVKHGDLVVITAGVPVGETGSTNLMKVHVISDLLAKGQGIGRKSAFGKAVVAKTAEEARQKMVDGGILVTVSTDADMMPAIEKAAAIITEEGGLTSHAAVVGLSLGIPVIVGVENATTLFKDGQEITVDGGFGAVYRGHASVL,3.977031267226665,,0.07
142,0.1153846153846154,ext_neg,0.13986013986013987,-125.5,0.0,0.0,MKNELICYKQMPVWTKDNLPQMFQEKHNTKVGTWGKLTVLKGKLKFYELTENGDVIAEHIFTPESHIPFVEPQAWHRVEALSDDLECTLGFYCKKEDYFSKKYNTTAIHGDVVDAAKIISPCKVLDLGCGQGRNSLYLSLLGYDVTSWDHNENSIAFLNETKEKENLNISTALYDINAANIQENYDFIVSTVVFMFLNRERVPSIIKNMKEHTNVGGYNLIVAAMSTDDVPCPLPFSFTFAENELKEYYKDWEFLEYNENMGELHKTDENGNRIKMKFATMLARKK,4.1682616291737205,,0.04
143,0.1097560975609756,ext_neg,0.04065040650406504,236.20000000000005,0.0,0.2642276422764228,MTMTLAKRFTAEVVGTFILVFFGPGAAVITLMIANGADKPNEFNIGIGALGGLGDWFAIGMAFALAIAAVIYSLGRISGAHINPAVTIALWSIGRFPGREVVPYIVAQFIGAALGSLLFLACVGPAAATVGGLGATAPFPGIGYGQAILTEAIGTFLLMLVIMGVAVDERAPPGFAGLVIGLTVGGIITTIGNITGSSLNPARTFGPYLGDSLMGINLWQYFPIYVIGPIVGAVAAAWLYNYLAKE,3.8026850527487777,,0.57
144,0.06870229007633588,ext_neg,0.16793893129770993,-27.9,0.0,0.0,QADGAKIYAQCAGCHQQNGQGIPGAFPPLAGHVAEILAKEGGREYLILVLLYGLQGQIEVKGMKYNGVMSSFAQLKDEEIAAVLNHIATAWGDAKKVKGFKPFTAEEVKKLRAKKLTPQQVLAERKKLGLK,3.9175652569137727,,0.01
145,0.15463917525773194,ext_neg,0.061855670103092786,-118.0,0.0,0.15463917525773194,GTTPNSEGWHDGYYYSWWSDGGGDSTYTNNSGGTYEITWGNGGNLVGGKGWNPGLNARAIHFTGVYQPNGTSYLSVYGWTRNPLVEYYIVENFGSSNPSSGSTDLGTVSCDGSTYTLGQSTRYNAPSIDGTQTFNQYWSVRQDKRSSGTVQTGCHFDAWASAGLNVTGDHYYQIVATEGYFSSGYARITVADVG,3.906429258879916,,0.38
146,0.06927710843373494,ext_neg,0.1144578313253012,-62.9,0.0,0.0,MKVTFEQLKAAFNRVLISRGVDSETADACAEMFARTTESGVYSHGVNRFPRFIQQLENGDIIPDAQPKRITSLGAIEQWDAQRSIGNLTAKKMMDRAIELAADHGIGLVALRNANHWMRGGSYGWQAAEKGYIGICWTNSIAVMPPWGAKECRIGTNPLIVAIPSTPITMVDMSMSMFSYGMLEVNRLAGRQLPVDGGFDDEGNLTKEPGVIEKNRRILPMGYWKGSGMSIVLDMIATLLSDGASVAEVTQDNSDEYGISQIFIAIEVDKLIDGPTRDAKLQRIMDYVTSAERADENQAIRLPGHEFTTLLAENRRNGITVDDSVWAKIQAL,4.137363440167172,,0.04
147,0.06451612903225806,ext_neg,0.12096774193548387,-61.3,0.0,0.18548387096774194,MKMKKYTKTHEWVSIEDKVATVGITNHAQEQLGDVVYVDLPEVGREVKKGEVVASIESVKAAADVYAPLSGKIVEVNEKLDTEPELINKDPEGEGWLFKMEISDEGELEDLLDEQAYQEFCAQE,3.9364743161440185,,0.09
148,0.0425531914893617,ext_neg,0.1453900709219858,38.69999999999999,0.0,0.0425531914893617,MRIDTVNVLLEALPYIKEFYGKTFVIKFGGSAMKQENAKKAFIQDIILLKYTGIKPIIVHGGGPAISQMMKDLGIEPVFKNGHRVTDEKTMEIVEMVLVGKINKEIVMNLNLHGGRAVGICGKDSKLIVAEKETKHGDIGYVGKVKKVNPEILHALIENDYIPVIAPVGIGEDGHSYNINADTAAAEIAKSLMAEKLILLTDVDGVLKDGKLISTLTPDEAEELIRDGTVTGGMIPKVECAVSAVRGGVGAVHIINGGLEHAILLEIFSRKGIGTMIKELEG,3.9305728124160337,,0.03
149,0.01818181818181818,ext_neg,0.24545454545454545,-38.39999999999999,0.0,0.1,METIAKHRHARSSAQKVRLVADLIRGKKVSQALDILTYTNKKAAVLVKKVLESAIANAEHNDGADIDDLKVTKIFVDEGPSMKRIMPRAKGRADRILKRTSHITVVVSDR,3.8612311143012863,,0.11
150,0.16568047337278108,ext_neg,0.08284023668639054,31.3,0.0,0.0,MPESWVPAVGLTLVPSLGGFMGAYFVRGEGLRWYASLQKPSWHPPRWTLAPIWGTLYSAMGYGSYIVWKELGGFTEDAMVPLGLYTGQLALNWAWPPIFFGARQMGWALADLLLVSGVATATTLAWHRVSPPAARLLYPYLAWLAFATVLNYYVWRDNSGRRGGSRLPE,3.911085288092277,,0.09
151,0.13043478260869565,ext_neg,0.15217391304347827,-68.1,0.0,0.0,MRITQGTFSFLPDLTDEQIKKQIDYMISKKLAIGIEYTNDIHPRNSFWEMWGLPLFEVTDPAPVLFEINACRKAKSNFYIKVVGFSSERGIESTIISFIVNRPKHEPGFNLIRQEDKSRSIKYSIQAYETYKPEDQRY,4.124466487867717,,0.01
152,0.07386990077177508,ext_neg,0.11686879823594265,-149.1,0.024255788313120176,0.02756339581036384,MIQKVITVNGIEQNLFVDAEALLSDVLRQQLGLTGVKVGCEQGQCGACSVILDGKVVRACVTKMKRVADGAQITTIEGVGQPENLHPLQKAWVLHGGAQCGFCSPGFIVSAKGLLDTNADPSREDVRDWFQKHRNACRCTGYKPLVDAVMDAAAVINGKKPETDLEFKMPADGRIWGSKYPRPTAVAKVTGTLDYGADLGLKMPAGTLHLAMVQAKVSHANIKGIDTSEALTMPGVHSVITHKDVKGKNRITGLITFPTNKGDGWDRPILCDEKVFQYGDCIALVCADSEANARAAAEKVKVDLEELPAYMSGPAAAAEDAIEIHPGTPNVYFEQPIVKGEDTGPIFASADVTVEGDFYVGRQPHMPIEPDVAFAYMGDDGKCYIHSKSIGVHLHLYMIAPGVGLEPDQLVLVANPMGGTFGYKFSPTSEALVAVAAMATGRPVHLRYNYQQQQQYTGKRSPWEMNVKFAAKKDGTLLAMESDWLVDHGPYSEFGDLLTLRGAQFIGAGYNIPNIRGLGRTVATNHVWGSAFRGYGAPQSMFASECLMDMLAEKLGMDPLELRYKNAYRPGDTNPTGQEPEVFSLPDMIDQLRPKYQAALEKAQKESTATHKKGVGISIGVYGSGLDGPDASEAWAELNADGTITVHTAWEDHGQGADIGCVGTAHEALRPMGVAPEKIKFTWPNTATTPNSGPSGGSRQQVMTGNAIRVACENLLKACEKPGGGYYTYDELKAADKPTKITGNWTASGATHCDAVTGLGKPFVVYMYGVFMAEVTVDVATGQTTVDGMTLMADLGSLCNQLATDGQIYGGLAQGIGLALSEDFEDIKKHATLVGAGFPFIKQIPDKLDIVYVNHPRPDGPFGASGVGELPLTSPHAAIINAIKSATGVRIYRLPAYPEKVLEALKA,4.133725167253967,,0.14
153,0.1217391304347826,ext_neg,0.0927536231884058,-106.59999999999998,0.0,0.037681159420289864,MEGVYFNIDNGFIEGVVRGYRNGLLSNNQYINLTQCDTLEDLKLQLSSTDYGNFLSSVSSESLTTSLIQEYASSKLYHEFNYIRDQSSGSTRKFMDYITYGYMIDNVALMITGTIHDRDKGEILQRCHPLGWFDTLPTLSVATDLESLYETVLVDTPLAPYFKNCFDTAEELDDMNIEIIRNKLYKAYLEDFYNFVTEEIPEPAKECMQTLLGFEADRRSINIALNSLQSSDIDPDLKSDLLPNIGKLYPLATFHLAQAQDFEGVRAALANVYEYRGFLETGNLEDHFYQLEMELCRDAFTQQFAISTVWAWMKSKEQEVRNITWIAECIAQNQRERINNYISVY,4.143211424068072,,0.18
154,0.02564102564102564,ext_neg,0.1153846153846154,-16.299999999999994,0.0,0.0,MASLIQVRDLLALRGRMEAAQISQTLNTPQPMINAMLQQLESMGKAVRIQEEPDGCLSGSCKSCPEGKACLREWWALR,3.908809156461033,,0.02
155,0.049689440993788817,ext_neg,0.2360248447204969,-105.9,0.0,0.0,MTKKSASSNNKVVATNRKARHNYTILDTYEAGIVLMGTEVKSLREGQASLADAFATVDDGEIWLRNVHIAEYHHGTWTNHAPRRNRKLLLHRKQIDNLIGKIRDGNLTLVPLSIYFTDGKVKVELALARGKQAHDKRQDLARRDAQREVIRELGRRAKGKI,3.9953831280729104,,0.02
156,0.1165644171779141,ext_neg,0.11042944785276074,-65.5,0.0,0.0,MFVDDVTRAFESGDFARPNLFQVEISYLGQNFTFQCKATALPAGIVEKIPVGFMNRKINVAGDRTFDDWTVTVMNDEAHDARQKFVDWQSIAAGQGNEITGGKPAEYKKSAIVRQYARDAKTVTKEIEIKGLWPTNVGELQLDWDSNNEIQTFEVTLALDYWE,4.116461739012833,,0.04
157,0.0915032679738562,ext_neg,0.19607843137254904,-88.70000000000002,0.0,0.0,MTINTEVFIRRNKLRRHFESEFRQINNEIREASKAAGVSSFHLKYSQHLLDRAIQREIDETYVFELFHKIKDHVLEVNEFLSMPPRPDIDEDFIDGVEYRPGRLEITDGNLWLGFTVCKPNEKFKDPSLQCRMAIINSRRLPGKASKAVIKTQ,4.125920798165806,,0.03
158,0.09523809523809523,ext_neg,0.123015873015873,-17.200000000000028,0.0,0.0,MILHAQAKHGKPGLPWLVFLHGFSGDCHEWQEVGEAFADYSRLYVDLPGHGGSAAISVDGFDDVTDLLRKTLVSYNILDFWLVGYSLGGRVAMMAACQGLAGLCGVIVEGGHPGLQNAEQRAERQRSDRQWVQRFLTEPLTAVFADWYQQPVFASLNDDQRRELVALRSNNNGATLAAMLEATSLAVQPDLRANLSARTFAFYYLCGERDSKFRALAAELAADCHVIPRAGHNAHRENPAGVIASLAQILRF,4.058831235475574,,0.2
159,0.08616187989556136,ext_neg,0.1174934725848564,-59.699999999999974,0.0,0.0731070496083551,MDFNLTDIQQDFLKLAHDFGEKKLAPTVTERDHKGIYDKELIDELLSLGITGAYFEEKYGGSGDDGGDVLSYILAVEELAKYDAGVAITLSATVSLCANPIWQFGTEAQKEKFLVPLVEGTKLGAFGLTEPNAGTDASGQQTIATKNDDGTYTLNGSKIFITNGGAADIYIVFAMTDKSKGNHGITAFILEDGTPGFTYGKKEDKMGIHTSQTMELVFQDVKVPAENMLGEEGKGFKIAMMTLDGGRIGVAAQALGIAEAALADAVEYSKQRVQFGKPLCKFQSISFKLADMKMQIEAARNLVYKAACKKQEGKPFTVDAAIAKRVASDVAMRVTTEAVQIFGGYGYSEEYPVARHMRDAKITQIYEGTNEVQLMVTGGALLR,4.035763081485712,,0.07
160,0.13227513227513227,ext_neg,0.15343915343915346,-74.29999999999998,0.0,0.07407407407407407,MYKEPFGVKVDFETGIIEGAKKSVRRLSDMEGYFVDERAWKELVEKEDPVVYEVYAVEQEEKEGDLNFATTVLYPGKVGKEFFFTKGHFHAKLDRAEVYVALKGKGGMLLQTPEGDAKWISMEPGTVVYVPPYWAHRTVNIGDEPFIFLAIYPADAGHDYGTIAEKGFSKIVIEENGEVKVVDNPRWKK,3.9890380160535868,,0.11
